[32m2026-06-22 20:16:34[0m | [31m[1mERROR[0m | [36musing_function:event_iterator[0m | [36mmain.py:176[0m | [31m[1mStreaming research failed[0m
[33m[1mTraceback (most recent call last):[0m

  File "/Library/Frameworks/Python.framework/Versions/3.14/lib/python3.14/threading.py", line 1044, in _bootstrap
    self._bootstrap_inner()
    │    └ <function Thread._bootstrap_inner at 0x10fd72560>
    └ <WorkerThread(AnyIO worker thread, started 123145399078912)>
  File "/Library/Frameworks/Python.framework/Versions/3.14/lib/python3.14/threading.py", line 1082, in _bootstrap_inner
    self._context.run(self.run)
    │    │        │   │    └ <function WorkerThread.run at 0x11996fa00>
    │    │        │   └ <WorkerThread(AnyIO worker thread, started 123145399078912)>
    │    │        └ <method 'run' of '_contextvars.Context' objects>
    │    └ <_contextvars.Context object at 0x11994e7c0>
    └ <WorkerThread(AnyIO worker thread, started 123145399078912)>
  File "/Users/cammy/Documents/Cammy2026/AI Agent/hello-world/Smart_Recipe_Assistant/backend/.venv/lib/python3.14/site-packages/anyio/_backends/_asyncio.py", line 1029, in run
    result = context.run(func, *args)
             │       │   │      └ (<generator object create_app.<locals>.stream_research.<locals>.event_iterator at 0x11998ce10>,)
             │       │   └ <function _next at 0x111d50bf0>
             │       └ <method 'run' of '_contextvars.Context' objects>
             └ <_contextvars.Context object at 0x1199cf100>
  File "/Users/cammy/Documents/Cammy2026/AI Agent/hello-world/Smart_Recipe_Assistant/backend/.venv/lib/python3.14/site-packages/starlette/concurrency.py", line 46, in _next
    return next(iterator)
                └ <generator object create_app.<locals>.stream_research.<locals>.event_iterator at 0x11998ce10>

> File "[32m/Users/cammy/Documents/Cammy2026/AI Agent/hello-world/Smart_Recipe_Assistant/backend/src/[0m[32m[1mmain.py[0m", line [33m173[0m, in [35mevent_iterator[0m
    [35m[1mfor[0m [1mevent[0m [35m[1min[0m [1magent[0m[35m[1m.[0m[1mrun_stream[0m[1m([0m[1mpayload[0m[35m[1m.[0m[1mtopic[0m[1m)[0m[1m:[0m
    [36m             │     │          │       └ [0m[36m[1m'低脂不辣，现有食材 番茄 土豆'[0m
    [36m             │     │          └ [0m[36m[1mResearchRequest(topic='低脂不辣，现有食材 番茄 土豆', search_api=None)[0m
    [36m             │     └ [0m[36m[1m<function DeepResearchAgent.run_stream at 0x11946dbc0>[0m
    [36m             └ [0m[36m[1m<agent.DeepResearchAgent object at 0x1198e3380>[0m

  File "[32m/Users/cammy/Documents/Cammy2026/AI Agent/hello-world/Smart_Recipe_Assistant/backend/src/[0m[32m[1magent.py[0m", line [33m152[0m, in [35mrun_stream[0m
    [1mstate[0m [35m[1m=[0m [1mSummaryState[0m[1m([0m[1mresearch_topic[0m[35m[1m=[0m[1mtopic[0m[1m)[0m
    [36m        │                           └ [0m[36m[1m'低脂不辣，现有食材 番茄 土豆'[0m
    [36m        └ [0m[36m[1m<class 'models.SummaryState'>[0m

[31m[1mTypeError[0m:[1m SummaryState.__init__() got an unexpected keyword argument 'research_topic'[0m
[32m2026-06-22 20:16:34[0m | [31m[1mERROR[0m | [36musing_function:event_iterator[0m | [36mmain.py:176[0m | [31m[1mStreaming research failed[0m
[33m[1mTraceback (most recent call last):[0m

  File "/Library/Frameworks/Python.framework/Versions/3.14/lib/python3.14/threading.py", line 1044, in _bootstrap
    self._bootstrap_inner()
    │    └ <function Thread._bootstrap_inner at 0x10fd72560>
    └ <WorkerThread(AnyIO worker thread, started 123145399078912)>
  File "/Library/Frameworks/Python.framework/Versions/3.14/lib/python3.14/threading.py", line 1082, in _bootstrap_inner
    self._context.run(self.run)
    │    │        │   │    └ <function WorkerThread.run at 0x11996fa00>
    │    │        │   └ <WorkerThread(AnyIO worker thread, started 123145399078912)>
    │    │        └ <method 'run' of '_contextvars.Context' objects>
    │    └ <_contextvars.Context object at 0x11994e7c0>
    └ <WorkerThread(AnyIO worker thread, started 123145399078912)>
  File "/Users/cammy/Documents/Cammy2026/AI Agent/hello-world/Smart_Recipe_Assistant/backend/.venv/lib/python3.14/site-packages/anyio/_backends/_asyncio.py", line 1029, in run
    result = context.run(func, *args)
             │       │   │      └ (<generator object create_app.<locals>.stream_research.<locals>.event_iterator at 0x11998ce10>,)
             │       │   └ <function _next at 0x111d50bf0>
             │       └ <method 'run' of '_contextvars.Context' objects>
             └ <_contextvars.Context object at 0x1199cf100>
  File "/Users/cammy/Documents/Cammy2026/AI Agent/hello-world/Smart_Recipe_Assistant/backend/.venv/lib/python3.14/site-packages/starlette/concurrency.py", line 46, in _next
    return next(iterator)
                └ <generator object create_app.<locals>.stream_research.<locals>.event_iterator at 0x11998ce10>

> File "[32m/Users/cammy/Documents/Cammy2026/AI Agent/hello-world/Smart_Recipe_Assistant/backend/src/[0m[32m[1mmain.py[0m", line [33m173[0m, in [35mevent_iterator[0m
    [35m[1mfor[0m [1mevent[0m [35m[1min[0m [1magent[0m[35m[1m.[0m[1mrun_stream[0m[1m([0m[1mpayload[0m[35m[1m.[0m[1mtopic[0m[1m)[0m[1m:[0m
    [36m             │     │          │       └ [0m[36m[1m'低脂不辣，现有食材 番茄 土豆'[0m
    [36m             │     │          └ [0m[36m[1mResearchRequest(topic='低脂不辣，现有食材 番茄 土豆', search_api=None)[0m
    [36m             │     └ [0m[36m[1m<function DeepResearchAgent.run_stream at 0x11946dbc0>[0m
    [36m             └ [0m[36m[1m<agent.DeepResearchAgent object at 0x1198e3380>[0m

  File "[32m/Users/cammy/Documents/Cammy2026/AI Agent/hello-world/Smart_Recipe_Assistant/backend/src/[0m[32m[1magent.py[0m", line [33m152[0m, in [35mrun_stream[0m
    [1mstate[0m [35m[1m=[0m [1mSummaryState[0m[1m([0m[1mresearch_topic[0m[35m[1m=[0m[1mtopic[0m[1m)[0m
    [36m        │                           └ [0m[36m[1m'低脂不辣，现有食材 番茄 土豆'[0m
    [36m        └ [0m[36m[1m<class 'models.SummaryState'>[0m

[31m[1mTypeError[0m:[1m SummaryState.__init__() got an unexpected keyword argument 'research_topic'[0m
[32m2026-06-22 20:27:52[0m | [31m[1mERROR[0m | [36musing_function:event_iterator[0m | [36mmain.py:176[0m | [31m[1mStreaming research failed[0m
[33m[1mTraceback (most recent call last):[0m

  File "/Library/Frameworks/Python.framework/Versions/3.14/lib/python3.14/threading.py", line 1044, in _bootstrap
    self._bootstrap_inner()
    │    └ <function Thread._bootstrap_inner at 0x1099f6560>
    └ <WorkerThread(AnyIO worker thread, started 123145437581312)>
  File "/Library/Frameworks/Python.framework/Versions/3.14/lib/python3.14/threading.py", line 1082, in _bootstrap_inner
    self._context.run(self.run)
    │    │        │   │    └ <function WorkerThread.run at 0x10f4ebb60>
    │    │        │   └ <WorkerThread(AnyIO worker thread, started 123145437581312)>
    │    │        └ <method 'run' of '_contextvars.Context' objects>
    │    └ <_contextvars.Context object at 0x10f4ce400>
    └ <WorkerThread(AnyIO worker thread, started 123145437581312)>
  File "/Users/cammy/Documents/Cammy2026/AI Agent/hello-world/Smart_Recipe_Assistant/backend/.venv/lib/python3.14/site-packages/anyio/_backends/_asyncio.py", line 1029, in run
    result = context.run(func, *args)
             │       │   │      └ (<generator object create_app.<locals>.stream_research.<locals>.event_iterator at 0x10f46b340>,)
             │       │   └ <function _next at 0x10b890bf0>
             │       └ <method 'run' of '_contextvars.Context' objects>
             └ <_contextvars.Context object at 0x10f4faa00>
  File "/Users/cammy/Documents/Cammy2026/AI Agent/hello-world/Smart_Recipe_Assistant/backend/.venv/lib/python3.14/site-packages/starlette/concurrency.py", line 46, in _next
    return next(iterator)
                └ <generator object create_app.<locals>.stream_research.<locals>.event_iterator at 0x10f46b340>

> File "[32m/Users/cammy/Documents/Cammy2026/AI Agent/hello-world/Smart_Recipe_Assistant/backend/src/[0m[32m[1mmain.py[0m", line [33m173[0m, in [35mevent_iterator[0m
    [35m[1mfor[0m [1mevent[0m [35m[1min[0m [1magent[0m[35m[1m.[0m[1mrun_stream[0m[1m([0m[1mpayload[0m[35m[1m.[0m[1mtopic[0m[1m)[0m[1m:[0m
    [36m             │     │          │       └ [0m[36m[1m'低脂不辣，现有食材 番茄 土豆'[0m
    [36m             │     │          └ [0m[36m[1mResearchRequest(topic='低脂不辣，现有食材 番茄 土豆', search_api=None)[0m
    [36m             │     └ [0m[36m[1m<function DeepResearchAgent.run_stream at 0x10ef09d20>[0m
    [36m             └ [0m[36m[1m<agent.DeepResearchAgent object at 0x10f463230>[0m

  File "[32m/Users/cammy/Documents/Cammy2026/AI Agent/hello-world/Smart_Recipe_Assistant/backend/src/[0m[32m[1magent.py[0m", line [33m152[0m, in [35mrun_stream[0m
    [1mstate[0m [35m[1m=[0m [1mSummaryState[0m[1m([0m[1muser_requirement[0m[35m[1m=[0m[1mtopic[0m[1m)[0m
    [36m        │                             └ [0m[36m[1m'低脂不辣，现有食材 番茄 土豆'[0m
    [36m        └ [0m[36m[1m<class 'models.SummaryState'>[0m

[31m[1mTypeError[0m:[1m SummaryState.__init__() missing 4 required keyword-only arguments: 'allergy_list', 'exist_ingredients', 'dish_list', and 'all_search_context'[0m
[32m2026-06-22 20:27:52[0m | [31m[1mERROR[0m | [36musing_function:event_iterator[0m | [36mmain.py:176[0m | [31m[1mStreaming research failed[0m
[33m[1mTraceback (most recent call last):[0m

  File "/Library/Frameworks/Python.framework/Versions/3.14/lib/python3.14/threading.py", line 1044, in _bootstrap
    self._bootstrap_inner()
    │    └ <function Thread._bootstrap_inner at 0x1099f6560>
    └ <WorkerThread(AnyIO worker thread, started 123145437581312)>
  File "/Library/Frameworks/Python.framework/Versions/3.14/lib/python3.14/threading.py", line 1082, in _bootstrap_inner
    self._context.run(self.run)
    │    │        │   │    └ <function WorkerThread.run at 0x10f4ebb60>
    │    │        │   └ <WorkerThread(AnyIO worker thread, started 123145437581312)>
    │    │        └ <method 'run' of '_contextvars.Context' objects>
    │    └ <_contextvars.Context object at 0x10f4ce400>
    └ <WorkerThread(AnyIO worker thread, started 123145437581312)>
  File "/Users/cammy/Documents/Cammy2026/AI Agent/hello-world/Smart_Recipe_Assistant/backend/.venv/lib/python3.14/site-packages/anyio/_backends/_asyncio.py", line 1029, in run
    result = context.run(func, *args)
             │       │   │      └ (<generator object create_app.<locals>.stream_research.<locals>.event_iterator at 0x10f46b340>,)
             │       │   └ <function _next at 0x10b890bf0>
             │       └ <method 'run' of '_contextvars.Context' objects>
             └ <_contextvars.Context object at 0x10f4faa00>
  File "/Users/cammy/Documents/Cammy2026/AI Agent/hello-world/Smart_Recipe_Assistant/backend/.venv/lib/python3.14/site-packages/starlette/concurrency.py", line 46, in _next
    return next(iterator)
                └ <generator object create_app.<locals>.stream_research.<locals>.event_iterator at 0x10f46b340>

> File "[32m/Users/cammy/Documents/Cammy2026/AI Agent/hello-world/Smart_Recipe_Assistant/backend/src/[0m[32m[1mmain.py[0m", line [33m173[0m, in [35mevent_iterator[0m
    [35m[1mfor[0m [1mevent[0m [35m[1min[0m [1magent[0m[35m[1m.[0m[1mrun_stream[0m[1m([0m[1mpayload[0m[35m[1m.[0m[1mtopic[0m[1m)[0m[1m:[0m
    [36m             │     │          │       └ [0m[36m[1m'低脂不辣，现有食材 番茄 土豆'[0m
    [36m             │     │          └ [0m[36m[1mResearchRequest(topic='低脂不辣，现有食材 番茄 土豆', search_api=None)[0m
    [36m             │     └ [0m[36m[1m<function DeepResearchAgent.run_stream at 0x10ef09d20>[0m
    [36m             └ [0m[36m[1m<agent.DeepResearchAgent object at 0x10f463230>[0m

  File "[32m/Users/cammy/Documents/Cammy2026/AI Agent/hello-world/Smart_Recipe_Assistant/backend/src/[0m[32m[1magent.py[0m", line [33m152[0m, in [35mrun_stream[0m
    [1mstate[0m [35m[1m=[0m [1mSummaryState[0m[1m([0m[1muser_requirement[0m[35m[1m=[0m[1mtopic[0m[1m)[0m
    [36m        │                             └ [0m[36m[1m'低脂不辣，现有食材 番茄 土豆'[0m
    [36m        └ [0m[36m[1m<class 'models.SummaryState'>[0m

[31m[1mTypeError[0m:[1m SummaryState.__init__() missing 4 required keyword-only arguments: 'allergy_list', 'exist_ingredients', 'dish_list', and 'all_search_context'[0m
[32m2026-06-22 20:29:50[0m | [31m[1mERROR[0m | [36musing_function:event_iterator[0m | [36mmain.py:176[0m | [31m[1mStreaming research failed[0m
[33m[1mTraceback (most recent call last):[0m

  File "/Library/Frameworks/Python.framework/Versions/3.14/lib/python3.14/threading.py", line 1044, in _bootstrap
    self._bootstrap_inner()
    │    └ <function Thread._bootstrap_inner at 0x1080ca560>
    └ <WorkerThread(AnyIO worker thread, started 123145408655360)>
  File "/Library/Frameworks/Python.framework/Versions/3.14/lib/python3.14/threading.py", line 1082, in _bootstrap_inner
    self._context.run(self.run)
    │    │        │   │    └ <function WorkerThread.run at 0x111d3fab0>
    │    │        │   └ <WorkerThread(AnyIO worker thread, started 123145408655360)>
    │    │        └ <method 'run' of '_contextvars.Context' objects>
    │    └ <_contextvars.Context object at 0x10bea6480>
    └ <WorkerThread(AnyIO worker thread, started 123145408655360)>
  File "/Users/cammy/Documents/Cammy2026/AI Agent/hello-world/Smart_Recipe_Assistant/backend/.venv/lib/python3.14/site-packages/anyio/_backends/_asyncio.py", line 1029, in run
    result = context.run(func, *args)
             │       │   │      └ (<generator object create_app.<locals>.stream_research.<locals>.event_iterator at 0x111cb7340>,)
             │       │   └ <function _next at 0x109f78bf0>
             │       └ <method 'run' of '_contextvars.Context' objects>
             └ <_contextvars.Context object at 0x111d220c0>
  File "/Users/cammy/Documents/Cammy2026/AI Agent/hello-world/Smart_Recipe_Assistant/backend/.venv/lib/python3.14/site-packages/starlette/concurrency.py", line 46, in _next
    return next(iterator)
                └ <generator object create_app.<locals>.stream_research.<locals>.event_iterator at 0x111cb7340>

> File "[32m/Users/cammy/Documents/Cammy2026/AI Agent/hello-world/Smart_Recipe_Assistant/backend/src/[0m[32m[1mmain.py[0m", line [33m173[0m, in [35mevent_iterator[0m
    [35m[1mfor[0m [1mevent[0m [35m[1min[0m [1magent[0m[35m[1m.[0m[1mrun_stream[0m[1m([0m[1mpayload[0m[35m[1m.[0m[1mtopic[0m[1m)[0m[1m:[0m
    [36m    │        │     │          │       └ [0m[36m[1m'低脂不辣，现有食材 番茄 土豆'[0m
    [36m    │        │     │          └ [0m[36m[1mResearchRequest(topic='低脂不辣，现有食材 番茄 土豆', search_api=None)[0m
    [36m    │        │     └ [0m[36m[1m<function DeepResearchAgent.run_stream at 0x10d689d20>[0m
    [36m    │        └ [0m[36m[1m<agent.DeepResearchAgent object at 0x111cb3620>[0m
    [36m    └ [0m[36m[1m{'type': 'status', 'message': '初始化研究流程'}[0m

  File "[32m/Users/cammy/Documents/Cammy2026/AI Agent/hello-world/Smart_Recipe_Assistant/backend/src/[0m[32m[1magent.py[0m", line [33m156[0m, in [35mrun_stream[0m
    [1mstate[0m[35m[1m.[0m[1mtodo_items[0m [35m[1m=[0m [1mself[0m[35m[1m.[0m[1mplanner[0m[35m[1m.[0m[1mplan_todo_list[0m[1m([0m[1mstate[0m[1m)[0m
    [36m│                  │    │       │              └ [0m[36m[1mSummaryState(user_requirement='低脂不辣，现有食材 番茄 土豆', allergy_list=[], exist_ingredients=[], dish_list=[], all_search_context=[], ...[0m
    [36m│                  │    │       └ [0m[36m[1m<function PlanningService.plan_todo_list at 0x10d66ada0>[0m
    [36m│                  │    └ [0m[36m[1m<services.planner.PlanningService object at 0x111d91550>[0m
    [36m│                  └ [0m[36m[1m<agent.DeepResearchAgent object at 0x111cb3620>[0m
    [36m└ [0m[36m[1mSummaryState(user_requirement='低脂不辣，现有食材 番茄 土豆', allergy_list=[], exist_ingredients=[], dish_list=[], all_search_context=[], ...[0m

  File "[32m/Users/cammy/Documents/Cammy2026/AI Agent/hello-world/Smart_Recipe_Assistant/backend/src/services/[0m[32m[1mplanner.py[0m", line [33m36[0m, in [35mplan_todo_list[0m
    [1mresearch_topic[0m[35m[1m=[0m[1mstate[0m[35m[1m.[0m[1mresearch_topic[0m[1m,[0m
    [36m               └ [0m[36m[1mSummaryState(user_requirement='低脂不辣，现有食材 番茄 土豆', allergy_list=[], exist_ingredients=[], dish_list=[], all_search_context=[], ...[0m

[31m[1mAttributeError[0m:[1m 'SummaryState' object has no attribute 'research_topic'[0m
[32m2026-06-22 20:29:50[0m | [31m[1mERROR[0m | [36musing_function:event_iterator[0m | [36mmain.py:176[0m | [31m[1mStreaming research failed[0m
[33m[1mTraceback (most recent call last):[0m

  File "/Library/Frameworks/Python.framework/Versions/3.14/lib/python3.14/threading.py", line 1044, in _bootstrap
    self._bootstrap_inner()
    │    └ <function Thread._bootstrap_inner at 0x1080ca560>
    └ <WorkerThread(AnyIO worker thread, started 123145408655360)>
  File "/Library/Frameworks/Python.framework/Versions/3.14/lib/python3.14/threading.py", line 1082, in _bootstrap_inner
    self._context.run(self.run)
    │    │        │   │    └ <function WorkerThread.run at 0x111d3fab0>
    │    │        │   └ <WorkerThread(AnyIO worker thread, started 123145408655360)>
    │    │        └ <method 'run' of '_contextvars.Context' objects>
    │    └ <_contextvars.Context object at 0x10bea6480>
    └ <WorkerThread(AnyIO worker thread, started 123145408655360)>
  File "/Users/cammy/Documents/Cammy2026/AI Agent/hello-world/Smart_Recipe_Assistant/backend/.venv/lib/python3.14/site-packages/anyio/_backends/_asyncio.py", line 1029, in run
    result = context.run(func, *args)
             │       │   │      └ (<generator object create_app.<locals>.stream_research.<locals>.event_iterator at 0x111cb7340>,)
             │       │   └ <function _next at 0x109f78bf0>
             │       └ <method 'run' of '_contextvars.Context' objects>
             └ <_contextvars.Context object at 0x111d220c0>
  File "/Users/cammy/Documents/Cammy2026/AI Agent/hello-world/Smart_Recipe_Assistant/backend/.venv/lib/python3.14/site-packages/starlette/concurrency.py", line 46, in _next
    return next(iterator)
                └ <generator object create_app.<locals>.stream_research.<locals>.event_iterator at 0x111cb7340>

> File "[32m/Users/cammy/Documents/Cammy2026/AI Agent/hello-world/Smart_Recipe_Assistant/backend/src/[0m[32m[1mmain.py[0m", line [33m173[0m, in [35mevent_iterator[0m
    [35m[1mfor[0m [1mevent[0m [35m[1min[0m [1magent[0m[35m[1m.[0m[1mrun_stream[0m[1m([0m[1mpayload[0m[35m[1m.[0m[1mtopic[0m[1m)[0m[1m:[0m
    [36m    │        │     │          │       └ [0m[36m[1m'低脂不辣，现有食材 番茄 土豆'[0m
    [36m    │        │     │          └ [0m[36m[1mResearchRequest(topic='低脂不辣，现有食材 番茄 土豆', search_api=None)[0m
    [36m    │        │     └ [0m[36m[1m<function DeepResearchAgent.run_stream at 0x10d689d20>[0m
    [36m    │        └ [0m[36m[1m<agent.DeepResearchAgent object at 0x111cb3620>[0m
    [36m    └ [0m[36m[1m{'type': 'status', 'message': '初始化研究流程'}[0m

  File "[32m/Users/cammy/Documents/Cammy2026/AI Agent/hello-world/Smart_Recipe_Assistant/backend/src/[0m[32m[1magent.py[0m", line [33m156[0m, in [35mrun_stream[0m
    [1mstate[0m[35m[1m.[0m[1mtodo_items[0m [35m[1m=[0m [1mself[0m[35m[1m.[0m[1mplanner[0m[35m[1m.[0m[1mplan_todo_list[0m[1m([0m[1mstate[0m[1m)[0m
    [36m│                  │    │       │              └ [0m[36m[1mSummaryState(user_requirement='低脂不辣，现有食材 番茄 土豆', allergy_list=[], exist_ingredients=[], dish_list=[], all_search_context=[], ...[0m
    [36m│                  │    │       └ [0m[36m[1m<function PlanningService.plan_todo_list at 0x10d66ada0>[0m
    [36m│                  │    └ [0m[36m[1m<services.planner.PlanningService object at 0x111d91550>[0m
    [36m│                  └ [0m[36m[1m<agent.DeepResearchAgent object at 0x111cb3620>[0m
    [36m└ [0m[36m[1mSummaryState(user_requirement='低脂不辣，现有食材 番茄 土豆', allergy_list=[], exist_ingredients=[], dish_list=[], all_search_context=[], ...[0m

  File "[32m/Users/cammy/Documents/Cammy2026/AI Agent/hello-world/Smart_Recipe_Assistant/backend/src/services/[0m[32m[1mplanner.py[0m", line [33m36[0m, in [35mplan_todo_list[0m
    [1mresearch_topic[0m[35m[1m=[0m[1mstate[0m[35m[1m.[0m[1mresearch_topic[0m[1m,[0m
    [36m               └ [0m[36m[1mSummaryState(user_requirement='低脂不辣，现有食材 番茄 土豆', allergy_list=[], exist_ingredients=[], dish_list=[], all_search_context=[], ...[0m

[31m[1mAttributeError[0m:[1m 'SummaryState' object has no attribute 'research_topic'[0m
[32m2026-06-22 20:32:40[0m | [31m[1mERROR[0m | [36musing_function:event_iterator[0m | [36mmain.py:176[0m | [31m[1mStreaming research failed[0m
[33m[1mTraceback (most recent call last):[0m

  File "/Library/Frameworks/Python.framework/Versions/3.14/lib/python3.14/threading.py", line 1044, in _bootstrap
    self._bootstrap_inner()
    │    └ <function Thread._bootstrap_inner at 0x1008fa560>
    └ <WorkerThread(AnyIO worker thread, started 123145395802112)>
  File "/Library/Frameworks/Python.framework/Versions/3.14/lib/python3.14/threading.py", line 1082, in _bootstrap_inner
    self._context.run(self.run)
    │    │        │   │    └ <function WorkerThread.run at 0x10a45bab0>
    │    │        │   └ <WorkerThread(AnyIO worker thread, started 123145395802112)>
    │    │        └ <method 'run' of '_contextvars.Context' objects>
    │    └ <_contextvars.Context object at 0x10a169f40>
    └ <WorkerThread(AnyIO worker thread, started 123145395802112)>
  File "/Users/cammy/Documents/Cammy2026/AI Agent/hello-world/Smart_Recipe_Assistant/backend/.venv/lib/python3.14/site-packages/anyio/_backends/_asyncio.py", line 1029, in run
    result = context.run(func, *args)
             │       │   │      └ (<generator object create_app.<locals>.stream_research.<locals>.event_iterator at 0x10a3db340>,)
             │       │   └ <function _next at 0x1027a8bf0>
             │       └ <method 'run' of '_contextvars.Context' objects>
             └ <_contextvars.Context object at 0x104b7ee40>
  File "/Users/cammy/Documents/Cammy2026/AI Agent/hello-world/Smart_Recipe_Assistant/backend/.venv/lib/python3.14/site-packages/starlette/concurrency.py", line 46, in _next
    return next(iterator)
                └ <generator object create_app.<locals>.stream_research.<locals>.event_iterator at 0x10a3db340>

> File "[32m/Users/cammy/Documents/Cammy2026/AI Agent/hello-world/Smart_Recipe_Assistant/backend/src/[0m[32m[1mmain.py[0m", line [33m173[0m, in [35mevent_iterator[0m
    [35m[1mfor[0m [1mevent[0m [35m[1min[0m [1magent[0m[35m[1m.[0m[1mrun_stream[0m[1m([0m[1mpayload[0m[35m[1m.[0m[1mtopic[0m[1m)[0m[1m:[0m
    [36m    │        │     │          │       └ [0m[36m[1m'低脂不辣，现有食材 番茄 土豆'[0m
    [36m    │        │     │          └ [0m[36m[1mResearchRequest(topic='低脂不辣，现有食材 番茄 土豆', search_api=None)[0m
    [36m    │        │     └ [0m[36m[1m<function DeepResearchAgent.run_stream at 0x105df5d20>[0m
    [36m    │        └ [0m[36m[1m<agent.DeepResearchAgent object at 0x10a3d74d0>[0m
    [36m    └ [0m[36m[1m{'type': 'status', 'message': '初始化研究流程'}[0m

  File "[32m/Users/cammy/Documents/Cammy2026/AI Agent/hello-world/Smart_Recipe_Assistant/backend/src/[0m[32m[1magent.py[0m", line [33m160[0m, in [35mrun_stream[0m
    [1mstate[0m[35m[1m.[0m[1mtodo_items[0m [35m[1m=[0m [1m[[0m[1mself[0m[35m[1m.[0m[1mplanner[0m[35m[1m.[0m[1mcreate_fallback_task[0m[1m([0m[1mstate[0m[1m)[0m[1m][0m
    [36m│     │             │    │       │                    └ [0m[36m[1mSummaryState(user_requirement='低脂不辣，现有食材 番茄 土豆', allergy_list=[], exist_ingredients=[], dish_list=[], all_search_context=[], ...[0m
    [36m│     │             │    │       └ [0m[36m[1m<staticmethod(<function PlanningService.create_fallback_task at 0x105dcaf00>)>[0m
    [36m│     │             │    └ [0m[36m[1m<services.planner.PlanningService object at 0x10a4b1400>[0m
    [36m│     │             └ [0m[36m[1m<agent.DeepResearchAgent object at 0x10a3d74d0>[0m
    [36m│     └ [0m[36m[1m[][0m
    [36m└ [0m[36m[1mSummaryState(user_requirement='低脂不辣，现有食材 番茄 土豆', allergy_list=[], exist_ingredients=[], dish_list=[], all_search_context=[], ...[0m

  File "[32m/Users/cammy/Documents/Cammy2026/AI Agent/hello-world/Smart_Recipe_Assistant/backend/src/services/[0m[32m[1mplanner.py[0m", line [33m73[0m, in [35mcreate_fallback_task[0m
    [35m[1mreturn[0m [1mTodoItem[0m[1m([0m
    [36m       └ [0m[36m[1m<class 'models.TodoItem'>[0m

[31m[1mTypeError[0m:[1m TodoItem.__init__() got an unexpected keyword argument 'title'[0m
[32m2026-06-22 20:32:40[0m | [31m[1mERROR[0m | [36musing_function:event_iterator[0m | [36mmain.py:176[0m | [31m[1mStreaming research failed[0m
[33m[1mTraceback (most recent call last):[0m

  File "/Library/Frameworks/Python.framework/Versions/3.14/lib/python3.14/threading.py", line 1044, in _bootstrap
    self._bootstrap_inner()
    │    └ <function Thread._bootstrap_inner at 0x1008fa560>
    └ <WorkerThread(AnyIO worker thread, started 123145395802112)>
  File "/Library/Frameworks/Python.framework/Versions/3.14/lib/python3.14/threading.py", line 1082, in _bootstrap_inner
    self._context.run(self.run)
    │    │        │   │    └ <function WorkerThread.run at 0x10a45bab0>
    │    │        │   └ <WorkerThread(AnyIO worker thread, started 123145395802112)>
    │    │        └ <method 'run' of '_contextvars.Context' objects>
    │    └ <_contextvars.Context object at 0x10a169f40>
    └ <WorkerThread(AnyIO worker thread, started 123145395802112)>
  File "/Users/cammy/Documents/Cammy2026/AI Agent/hello-world/Smart_Recipe_Assistant/backend/.venv/lib/python3.14/site-packages/anyio/_backends/_asyncio.py", line 1029, in run
    result = context.run(func, *args)
             │       │   │      └ (<generator object create_app.<locals>.stream_research.<locals>.event_iterator at 0x10a3db340>,)
             │       │   └ <function _next at 0x1027a8bf0>
             │       └ <method 'run' of '_contextvars.Context' objects>
             └ <_contextvars.Context object at 0x104b7ee40>
  File "/Users/cammy/Documents/Cammy2026/AI Agent/hello-world/Smart_Recipe_Assistant/backend/.venv/lib/python3.14/site-packages/starlette/concurrency.py", line 46, in _next
    return next(iterator)
                └ <generator object create_app.<locals>.stream_research.<locals>.event_iterator at 0x10a3db340>

> File "[32m/Users/cammy/Documents/Cammy2026/AI Agent/hello-world/Smart_Recipe_Assistant/backend/src/[0m[32m[1mmain.py[0m", line [33m173[0m, in [35mevent_iterator[0m
    [35m[1mfor[0m [1mevent[0m [35m[1min[0m [1magent[0m[35m[1m.[0m[1mrun_stream[0m[1m([0m[1mpayload[0m[35m[1m.[0m[1mtopic[0m[1m)[0m[1m:[0m
    [36m    │        │     │          │       └ [0m[36m[1m'低脂不辣，现有食材 番茄 土豆'[0m
    [36m    │        │     │          └ [0m[36m[1mResearchRequest(topic='低脂不辣，现有食材 番茄 土豆', search_api=None)[0m
    [36m    │        │     └ [0m[36m[1m<function DeepResearchAgent.run_stream at 0x105df5d20>[0m
    [36m    │        └ [0m[36m[1m<agent.DeepResearchAgent object at 0x10a3d74d0>[0m
    [36m    └ [0m[36m[1m{'type': 'status', 'message': '初始化研究流程'}[0m

  File "[32m/Users/cammy/Documents/Cammy2026/AI Agent/hello-world/Smart_Recipe_Assistant/backend/src/[0m[32m[1magent.py[0m", line [33m160[0m, in [35mrun_stream[0m
    [1mstate[0m[35m[1m.[0m[1mtodo_items[0m [35m[1m=[0m [1m[[0m[1mself[0m[35m[1m.[0m[1mplanner[0m[35m[1m.[0m[1mcreate_fallback_task[0m[1m([0m[1mstate[0m[1m)[0m[1m][0m
    [36m│     │             │    │       │                    └ [0m[36m[1mSummaryState(user_requirement='低脂不辣，现有食材 番茄 土豆', allergy_list=[], exist_ingredients=[], dish_list=[], all_search_context=[], ...[0m
    [36m│     │             │    │       └ [0m[36m[1m<staticmethod(<function PlanningService.create_fallback_task at 0x105dcaf00>)>[0m
    [36m│     │             │    └ [0m[36m[1m<services.planner.PlanningService object at 0x10a4b1400>[0m
    [36m│     │             └ [0m[36m[1m<agent.DeepResearchAgent object at 0x10a3d74d0>[0m
    [36m│     └ [0m[36m[1m[][0m
    [36m└ [0m[36m[1mSummaryState(user_requirement='低脂不辣，现有食材 番茄 土豆', allergy_list=[], exist_ingredients=[], dish_list=[], all_search_context=[], ...[0m

  File "[32m/Users/cammy/Documents/Cammy2026/AI Agent/hello-world/Smart_Recipe_Assistant/backend/src/services/[0m[32m[1mplanner.py[0m", line [33m73[0m, in [35mcreate_fallback_task[0m
    [35m[1mreturn[0m [1mTodoItem[0m[1m([0m
    [36m       └ [0m[36m[1m<class 'models.TodoItem'>[0m

[31m[1mTypeError[0m:[1m TodoItem.__init__() got an unexpected keyword argument 'title'[0m
[32m2026-06-22 20:36:10[0m | [31m[1mERROR[0m | [36musing_function:event_iterator[0m | [36mmain.py:176[0m | [31m[1mStreaming research failed[0m
[33m[1mTraceback (most recent call last):[0m

  File "/Library/Frameworks/Python.framework/Versions/3.14/lib/python3.14/threading.py", line 1044, in _bootstrap
    self._bootstrap_inner()
    │    └ <function Thread._bootstrap_inner at 0x10da12560>
    └ <WorkerThread(AnyIO worker thread, started 123145379807232)>
  File "/Library/Frameworks/Python.framework/Versions/3.14/lib/python3.14/threading.py", line 1082, in _bootstrap_inner
    self._context.run(self.run)
    │    │        │   │    └ <function WorkerThread.run at 0x11758bab0>
    │    │        │   └ <WorkerThread(AnyIO worker thread, started 123145379807232)>
    │    │        └ <method 'run' of '_contextvars.Context' objects>
    │    └ <_contextvars.Context object at 0x11756da40>
    └ <WorkerThread(AnyIO worker thread, started 123145379807232)>
  File "/Users/cammy/Documents/Cammy2026/AI Agent/hello-world/Smart_Recipe_Assistant/backend/.venv/lib/python3.14/site-packages/anyio/_backends/_asyncio.py", line 1029, in run
    result = context.run(func, *args)
             │       │   │      └ (<generator object create_app.<locals>.stream_research.<locals>.event_iterator at 0x117507340>,)
             │       │   └ <function _next at 0x10f8c0bf0>
             │       └ <method 'run' of '_contextvars.Context' objects>
             └ <_contextvars.Context object at 0x117580900>
  File "/Users/cammy/Documents/Cammy2026/AI Agent/hello-world/Smart_Recipe_Assistant/backend/.venv/lib/python3.14/site-packages/starlette/concurrency.py", line 46, in _next
    return next(iterator)
                └ <generator object create_app.<locals>.stream_research.<locals>.event_iterator at 0x117507340>

> File "[32m/Users/cammy/Documents/Cammy2026/AI Agent/hello-world/Smart_Recipe_Assistant/backend/src/[0m[32m[1mmain.py[0m", line [33m173[0m, in [35mevent_iterator[0m
    [35m[1mfor[0m [1mevent[0m [35m[1min[0m [1magent[0m[35m[1m.[0m[1mrun_stream[0m[1m([0m[1mpayload[0m[35m[1m.[0m[1mtopic[0m[1m)[0m[1m:[0m
    [36m    │        │     │          │       └ [0m[36m[1m'低脂不辣，现有食材 番茄 土豆'[0m
    [36m    │        │     │          └ [0m[36m[1mResearchRequest(topic='低脂不辣，现有食材 番茄 土豆', search_api=None)[0m
    [36m    │        │     └ [0m[36m[1m<function DeepResearchAgent.run_stream at 0x112f35d20>[0m
    [36m    │        └ [0m[36m[1m<agent.DeepResearchAgent object at 0x1175034d0>[0m
    [36m    └ [0m[36m[1m{'type': 'status', 'message': '初始化研究流程'}[0m

  File "[32m/Users/cammy/Documents/Cammy2026/AI Agent/hello-world/Smart_Recipe_Assistant/backend/src/[0m[32m[1magent.py[0m", line [33m170[0m, in [35mrun_stream[0m
    [36m"tasks"[0m[1m:[0m [1m[[0m[1mself[0m[35m[1m.[0m[1m_serialize_task[0m[1m([0m[1mt[0m[1m)[0m [35m[1mfor[0m [1mt[0m [35m[1min[0m [1mstate[0m[35m[1m.[0m[1mtodo_items[0m[1m][0m[1m,[0m
    [36m          │    │                           │     └ [0m[36m[1m[TodoItem(id=1, name='快手家常炒蛋', intent='利用常见食材快速做一道简单下饭家常菜，适配用户用餐需求', query='低脂不辣，现有食材 番茄 土豆 家常简单菜谱 详细做法', status='pending', i...[0m
    [36m          │    │                           └ [0m[36m[1mSummaryState(user_requirement='低脂不辣，现有食材 番茄 土豆', allergy_list=[], exist_ingredients=[], dish_list=[], all_search_context=[], ...[0m
    [36m          │    └ [0m[36m[1m<function DeepResearchAgent._serialize_task at 0x112f362a0>[0m
    [36m          └ [0m[36m[1m<agent.DeepResearchAgent object at 0x1175034d0>[0m

  File "[32m/Users/cammy/Documents/Cammy2026/AI Agent/hello-world/Smart_Recipe_Assistant/backend/src/[0m[32m[1magent.py[0m", line [33m436[0m, in [35m_serialize_task[0m
    [36m"title"[0m[1m:[0m [1mtask[0m[35m[1m.[0m[1mtitle[0m[1m,[0m
    [36m         └ [0m[36m[1mTodoItem(id=1, name='快手家常炒蛋', intent='利用常见食材快速做一道简单下饭家常菜，适配用户用餐需求', query='低脂不辣，现有食材 番茄 土豆 家常简单菜谱 详细做法', status='pending', in...[0m

[31m[1mAttributeError[0m:[1m 'TodoItem' object has no attribute 'title'[0m
[32m2026-06-22 20:36:10[0m | [31m[1mERROR[0m | [36musing_function:event_iterator[0m | [36mmain.py:176[0m | [31m[1mStreaming research failed[0m
[33m[1mTraceback (most recent call last):[0m

  File "/Library/Frameworks/Python.framework/Versions/3.14/lib/python3.14/threading.py", line 1044, in _bootstrap
    self._bootstrap_inner()
    │    └ <function Thread._bootstrap_inner at 0x10da12560>
    └ <WorkerThread(AnyIO worker thread, started 123145379807232)>
  File "/Library/Frameworks/Python.framework/Versions/3.14/lib/python3.14/threading.py", line 1082, in _bootstrap_inner
    self._context.run(self.run)
    │    │        │   │    └ <function WorkerThread.run at 0x11758bab0>
    │    │        │   └ <WorkerThread(AnyIO worker thread, started 123145379807232)>
    │    │        └ <method 'run' of '_contextvars.Context' objects>
    │    └ <_contextvars.Context object at 0x11756da40>
    └ <WorkerThread(AnyIO worker thread, started 123145379807232)>
  File "/Users/cammy/Documents/Cammy2026/AI Agent/hello-world/Smart_Recipe_Assistant/backend/.venv/lib/python3.14/site-packages/anyio/_backends/_asyncio.py", line 1029, in run
    result = context.run(func, *args)
             │       │   │      └ (<generator object create_app.<locals>.stream_research.<locals>.event_iterator at 0x117507340>,)
             │       │   └ <function _next at 0x10f8c0bf0>
             │       └ <method 'run' of '_contextvars.Context' objects>
             └ <_contextvars.Context object at 0x117580900>
  File "/Users/cammy/Documents/Cammy2026/AI Agent/hello-world/Smart_Recipe_Assistant/backend/.venv/lib/python3.14/site-packages/starlette/concurrency.py", line 46, in _next
    return next(iterator)
                └ <generator object create_app.<locals>.stream_research.<locals>.event_iterator at 0x117507340>

> File "[32m/Users/cammy/Documents/Cammy2026/AI Agent/hello-world/Smart_Recipe_Assistant/backend/src/[0m[32m[1mmain.py[0m", line [33m173[0m, in [35mevent_iterator[0m
    [35m[1mfor[0m [1mevent[0m [35m[1min[0m [1magent[0m[35m[1m.[0m[1mrun_stream[0m[1m([0m[1mpayload[0m[35m[1m.[0m[1mtopic[0m[1m)[0m[1m:[0m
    [36m    │        │     │          │       └ [0m[36m[1m'低脂不辣，现有食材 番茄 土豆'[0m
    [36m    │        │     │          └ [0m[36m[1mResearchRequest(topic='低脂不辣，现有食材 番茄 土豆', search_api=None)[0m
    [36m    │        │     └ [0m[36m[1m<function DeepResearchAgent.run_stream at 0x112f35d20>[0m
    [36m    │        └ [0m[36m[1m<agent.DeepResearchAgent object at 0x1175034d0>[0m
    [36m    └ [0m[36m[1m{'type': 'status', 'message': '初始化研究流程'}[0m

  File "[32m/Users/cammy/Documents/Cammy2026/AI Agent/hello-world/Smart_Recipe_Assistant/backend/src/[0m[32m[1magent.py[0m", line [33m170[0m, in [35mrun_stream[0m
    [36m"tasks"[0m[1m:[0m [1m[[0m[1mself[0m[35m[1m.[0m[1m_serialize_task[0m[1m([0m[1mt[0m[1m)[0m [35m[1mfor[0m [1mt[0m [35m[1min[0m [1mstate[0m[35m[1m.[0m[1mtodo_items[0m[1m][0m[1m,[0m
    [36m          │    │                           │     └ [0m[36m[1m[TodoItem(id=1, name='快手家常炒蛋', intent='利用常见食材快速做一道简单下饭家常菜，适配用户用餐需求', query='低脂不辣，现有食材 番茄 土豆 家常简单菜谱 详细做法', status='pending', i...[0m
    [36m          │    │                           └ [0m[36m[1mSummaryState(user_requirement='低脂不辣，现有食材 番茄 土豆', allergy_list=[], exist_ingredients=[], dish_list=[], all_search_context=[], ...[0m
    [36m          │    └ [0m[36m[1m<function DeepResearchAgent._serialize_task at 0x112f362a0>[0m
    [36m          └ [0m[36m[1m<agent.DeepResearchAgent object at 0x1175034d0>[0m

  File "[32m/Users/cammy/Documents/Cammy2026/AI Agent/hello-world/Smart_Recipe_Assistant/backend/src/[0m[32m[1magent.py[0m", line [33m436[0m, in [35m_serialize_task[0m
    [36m"title"[0m[1m:[0m [1mtask[0m[35m[1m.[0m[1mtitle[0m[1m,[0m
    [36m         └ [0m[36m[1mTodoItem(id=1, name='快手家常炒蛋', intent='利用常见食材快速做一道简单下饭家常菜，适配用户用餐需求', query='低脂不辣，现有食材 番茄 土豆 家常简单菜谱 详细做法', status='pending', in...[0m

[31m[1mAttributeError[0m:[1m 'TodoItem' object has no attribute 'title'[0m
[32m2026-06-22 20:38:06[0m | [31m[1mERROR[0m | [36musing_function:event_iterator[0m | [36mmain.py:176[0m | [31m[1mStreaming research failed[0m
[33m[1mTraceback (most recent call last):[0m

  File "/Library/Frameworks/Python.framework/Versions/3.14/lib/python3.14/threading.py", line 1044, in _bootstrap
    self._bootstrap_inner()
    │    └ <function Thread._bootstrap_inner at 0x10796a560>
    └ <WorkerThread(AnyIO worker thread, started 123145435377664)>
  File "/Library/Frameworks/Python.framework/Versions/3.14/lib/python3.14/threading.py", line 1082, in _bootstrap_inner
    self._context.run(self.run)
    │    │        │   │    └ <function WorkerThread.run at 0x110e7fc10>
    │    │        │   └ <WorkerThread(AnyIO worker thread, started 123145435377664)>
    │    │        └ <method 'run' of '_contextvars.Context' objects>
    │    └ <_contextvars.Context object at 0x110e63040>
    └ <WorkerThread(AnyIO worker thread, started 123145435377664)>
  File "/Users/cammy/Documents/Cammy2026/AI Agent/hello-world/Smart_Recipe_Assistant/backend/.venv/lib/python3.14/site-packages/anyio/_backends/_asyncio.py", line 1029, in run
    result = context.run(func, *args)
             │       │   │      └ (<generator object create_app.<locals>.stream_research.<locals>.event_iterator at 0x110dffef0>,)
             │       │   └ <function _next at 0x10910cbf0>
             │       └ <method 'run' of '_contextvars.Context' objects>
             └ <_contextvars.Context object at 0x110e79000>
  File "/Users/cammy/Documents/Cammy2026/AI Agent/hello-world/Smart_Recipe_Assistant/backend/.venv/lib/python3.14/site-packages/starlette/concurrency.py", line 46, in _next
    return next(iterator)
                └ <generator object create_app.<locals>.stream_research.<locals>.event_iterator at 0x110dffef0>

> File "[32m/Users/cammy/Documents/Cammy2026/AI Agent/hello-world/Smart_Recipe_Assistant/backend/src/[0m[32m[1mmain.py[0m", line [33m173[0m, in [35mevent_iterator[0m
    [35m[1mfor[0m [1mevent[0m [35m[1min[0m [1magent[0m[35m[1m.[0m[1mrun_stream[0m[1m([0m[1mpayload[0m[35m[1m.[0m[1mtopic[0m[1m)[0m[1m:[0m
    [36m    │        │     │          │       └ [0m[36m[1m'低脂不辣，现有食材 番茄 土豆'[0m
    [36m    │        │     │          └ [0m[36m[1mResearchRequest(topic='低脂不辣，现有食材 番茄 土豆', search_api=None)[0m
    [36m    │        │     └ [0m[36m[1m<function DeepResearchAgent.run_stream at 0x1108a9e80>[0m
    [36m    │        └ [0m[36m[1m<agent.DeepResearchAgent object at 0x110df7230>[0m
    [36m    └ [0m[36m[1m{'type': 'status', 'message': '初始化研究流程'}[0m

  File "[32m/Users/cammy/Documents/Cammy2026/AI Agent/hello-world/Smart_Recipe_Assistant/backend/src/[0m[32m[1magent.py[0m", line [33m170[0m, in [35mrun_stream[0m
    [36m"tasks"[0m[1m:[0m [1m[[0m[1mself[0m[35m[1m.[0m[1m_serialize_task[0m[1m([0m[1mt[0m[1m)[0m [35m[1mfor[0m [1mt[0m [35m[1min[0m [1mstate[0m[35m[1m.[0m[1mtodo_items[0m[1m][0m[1m,[0m
    [36m          │    │                           │     └ [0m[36m[1m[TodoItem(id=1, name='快手家常炒蛋', intent='利用常见食材快速做一道简单下饭家常菜，适配用户用餐需求', query='低脂不辣，现有食材 番茄 土豆 家常简单菜谱 详细做法', status='pending', i...[0m
    [36m          │    │                           └ [0m[36m[1mSummaryState(user_requirement='低脂不辣，现有食材 番茄 土豆', allergy_list=[], exist_ingredients=[], dish_list=[], all_search_context=[], ...[0m
    [36m          │    └ [0m[36m[1m<function DeepResearchAgent._serialize_task at 0x1108aa400>[0m
    [36m          └ [0m[36m[1m<agent.DeepResearchAgent object at 0x110df7230>[0m

  File "[32m/Users/cammy/Documents/Cammy2026/AI Agent/hello-world/Smart_Recipe_Assistant/backend/src/[0m[32m[1magent.py[0m", line [33m440[0m, in [35m_serialize_task[0m
    [36m"summary"[0m[1m:[0m [1mtask[0m[35m[1m.[0m[1msummary[0m[1m,[0m
    [36m           └ [0m[36m[1mTodoItem(id=1, name='快手家常炒蛋', intent='利用常见食材快速做一道简单下饭家常菜，适配用户用餐需求', query='低脂不辣，现有食材 番茄 土豆 家常简单菜谱 详细做法', status='pending', in...[0m

[31m[1mAttributeError[0m:[1m 'TodoItem' object has no attribute 'summary'[0m
[32m2026-06-22 20:38:06[0m | [31m[1mERROR[0m | [36musing_function:event_iterator[0m | [36mmain.py:176[0m | [31m[1mStreaming research failed[0m
[33m[1mTraceback (most recent call last):[0m

  File "/Library/Frameworks/Python.framework/Versions/3.14/lib/python3.14/threading.py", line 1044, in _bootstrap
    self._bootstrap_inner()
    │    └ <function Thread._bootstrap_inner at 0x10796a560>
    └ <WorkerThread(AnyIO worker thread, started 123145435377664)>
  File "/Library/Frameworks/Python.framework/Versions/3.14/lib/python3.14/threading.py", line 1082, in _bootstrap_inner
    self._context.run(self.run)
    │    │        │   │    └ <function WorkerThread.run at 0x110e7fc10>
    │    │        │   └ <WorkerThread(AnyIO worker thread, started 123145435377664)>
    │    │        └ <method 'run' of '_contextvars.Context' objects>
    │    └ <_contextvars.Context object at 0x110e63040>
    └ <WorkerThread(AnyIO worker thread, started 123145435377664)>
  File "/Users/cammy/Documents/Cammy2026/AI Agent/hello-world/Smart_Recipe_Assistant/backend/.venv/lib/python3.14/site-packages/anyio/_backends/_asyncio.py", line 1029, in run
    result = context.run(func, *args)
             │       │   │      └ (<generator object create_app.<locals>.stream_research.<locals>.event_iterator at 0x110dffef0>,)
             │       │   └ <function _next at 0x10910cbf0>
             │       └ <method 'run' of '_contextvars.Context' objects>
             └ <_contextvars.Context object at 0x110e79000>
  File "/Users/cammy/Documents/Cammy2026/AI Agent/hello-world/Smart_Recipe_Assistant/backend/.venv/lib/python3.14/site-packages/starlette/concurrency.py", line 46, in _next
    return next(iterator)
                └ <generator object create_app.<locals>.stream_research.<locals>.event_iterator at 0x110dffef0>

> File "[32m/Users/cammy/Documents/Cammy2026/AI Agent/hello-world/Smart_Recipe_Assistant/backend/src/[0m[32m[1mmain.py[0m", line [33m173[0m, in [35mevent_iterator[0m
    [35m[1mfor[0m [1mevent[0m [35m[1min[0m [1magent[0m[35m[1m.[0m[1mrun_stream[0m[1m([0m[1mpayload[0m[35m[1m.[0m[1mtopic[0m[1m)[0m[1m:[0m
    [36m    │        │     │          │       └ [0m[36m[1m'低脂不辣，现有食材 番茄 土豆'[0m
    [36m    │        │     │          └ [0m[36m[1mResearchRequest(topic='低脂不辣，现有食材 番茄 土豆', search_api=None)[0m
    [36m    │        │     └ [0m[36m[1m<function DeepResearchAgent.run_stream at 0x1108a9e80>[0m
    [36m    │        └ [0m[36m[1m<agent.DeepResearchAgent object at 0x110df7230>[0m
    [36m    └ [0m[36m[1m{'type': 'status', 'message': '初始化研究流程'}[0m

  File "[32m/Users/cammy/Documents/Cammy2026/AI Agent/hello-world/Smart_Recipe_Assistant/backend/src/[0m[32m[1magent.py[0m", line [33m170[0m, in [35mrun_stream[0m
    [36m"tasks"[0m[1m:[0m [1m[[0m[1mself[0m[35m[1m.[0m[1m_serialize_task[0m[1m([0m[1mt[0m[1m)[0m [35m[1mfor[0m [1mt[0m [35m[1min[0m [1mstate[0m[35m[1m.[0m[1mtodo_items[0m[1m][0m[1m,[0m
    [36m          │    │                           │     └ [0m[36m[1m[TodoItem(id=1, name='快手家常炒蛋', intent='利用常见食材快速做一道简单下饭家常菜，适配用户用餐需求', query='低脂不辣，现有食材 番茄 土豆 家常简单菜谱 详细做法', status='pending', i...[0m
    [36m          │    │                           └ [0m[36m[1mSummaryState(user_requirement='低脂不辣，现有食材 番茄 土豆', allergy_list=[], exist_ingredients=[], dish_list=[], all_search_context=[], ...[0m
    [36m          │    └ [0m[36m[1m<function DeepResearchAgent._serialize_task at 0x1108aa400>[0m
    [36m          └ [0m[36m[1m<agent.DeepResearchAgent object at 0x110df7230>[0m

  File "[32m/Users/cammy/Documents/Cammy2026/AI Agent/hello-world/Smart_Recipe_Assistant/backend/src/[0m[32m[1magent.py[0m", line [33m440[0m, in [35m_serialize_task[0m
    [36m"summary"[0m[1m:[0m [1mtask[0m[35m[1m.[0m[1msummary[0m[1m,[0m
    [36m           └ [0m[36m[1mTodoItem(id=1, name='快手家常炒蛋', intent='利用常见食材快速做一道简单下饭家常菜，适配用户用餐需求', query='低脂不辣，现有食材 番茄 土豆 家常简单菜谱 详细做法', status='pending', in...[0m

[31m[1mAttributeError[0m:[1m 'TodoItem' object has no attribute 'summary'[0m
[32m2026-06-23 11:19:30[0m | [31m[1mERROR[0m | [36musing_function:event_iterator[0m | [36mmain.py:176[0m | [31m[1mStreaming research failed[0m
[33m[1mTraceback (most recent call last):[0m

  File "/Library/Frameworks/Python.framework/Versions/3.14/lib/python3.14/threading.py", line 1044, in _bootstrap
    self._bootstrap_inner()
    │    └ <function Thread._bootstrap_inner at 0x1018de560>
    └ <WorkerThread(AnyIO worker thread, started 123145407664128)>
  File "/Library/Frameworks/Python.framework/Versions/3.14/lib/python3.14/threading.py", line 1082, in _bootstrap_inner
    self._context.run(self.run)
    │    │        │   │    └ <function WorkerThread.run at 0x10b463b60>
    │    │        │   └ <WorkerThread(AnyIO worker thread, started 123145407664128)>
    │    │        └ <method 'run' of '_contextvars.Context' objects>
    │    └ <_contextvars.Context object at 0x10b02a880>
    └ <WorkerThread(AnyIO worker thread, started 123145407664128)>
  File "/Users/cammy/Documents/Cammy2026/AI Agent/hello-world/Smart_Recipe_Assistant/backend/.venv/lib/python3.14/site-packages/anyio/_backends/_asyncio.py", line 1029, in run
    result = context.run(func, *args)
             │       │   │      └ (<generator object create_app.<locals>.stream_research.<locals>.event_iterator at 0x10b3df230>,)
             │       │   └ <function _next at 0x10378cbf0>
             │       └ <method 'run' of '_contextvars.Context' objects>
             └ <_contextvars.Context object at 0x10b77b700>
  File "/Users/cammy/Documents/Cammy2026/AI Agent/hello-world/Smart_Recipe_Assistant/backend/.venv/lib/python3.14/site-packages/starlette/concurrency.py", line 46, in _next
    return next(iterator)
                └ <generator object create_app.<locals>.stream_research.<locals>.event_iterator at 0x10b3df230>

> File "[32m/Users/cammy/Documents/Cammy2026/AI Agent/hello-world/Smart_Recipe_Assistant/backend/src/[0m[32m[1mmain.py[0m", line [33m173[0m, in [35mevent_iterator[0m
    [35m[1mfor[0m [1mevent[0m [35m[1min[0m [1magent[0m[35m[1m.[0m[1mrun_stream[0m[1m([0m[1mpayload[0m[35m[1m.[0m[1mtopic[0m[1m)[0m[1m:[0m
    [36m    │        │     │          │       └ [0m[36m[1m'低脂不辣，现有食材 番茄 土豆'[0m
    [36m    │        │     │          └ [0m[36m[1mResearchRequest(topic='低脂不辣，现有食材 番茄 土豆', search_api=None)[0m
    [36m    │        │     └ [0m[36m[1m<function DeepResearchAgent.run_stream at 0x106dd5d20>[0m
    [36m    │        └ [0m[36m[1m<agent.DeepResearchAgent object at 0x10b3d7230>[0m
    [36m    └ [0m[36m[1m{'type': 'todo_list', 'tasks': [{'id': 1, 'name': '快手家常炒蛋', 'intent': '利用常见食材快速做一道简单下饭家常菜，适配用户用餐需求', 'query': '低脂不辣，现有食材 番茄 土...[0m

  File "[32m/Users/cammy/Documents/Cammy2026/AI Agent/hello-world/Smart_Recipe_Assistant/backend/src/[0m[32m[1magent.py[0m", line [33m267[0m, in [35mrun_stream[0m
    [1mreport[0m [35m[1m=[0m [1mself[0m[35m[1m.[0m[1mreporting[0m[35m[1m.[0m[1mgenerate_report[0m[1m([0m[1mstate[0m[1m)[0m
    [36m         │    │         │               └ [0m[36m[1mSummaryState(user_requirement='低脂不辣，现有食材 番茄 土豆', allergy_list=[], exist_ingredients=[], dish_list=[], all_search_context=[], ...[0m
    [36m         │    │         └ [0m[36m[1m<function ReportingService.generate_report at 0x106daf7f0>[0m
    [36m         │    └ [0m[36m[1m<services.reporter.ReportingService object at 0x10b4b1400>[0m
    [36m         └ [0m[36m[1m<agent.DeepResearchAgent object at 0x10b3d7230>[0m

  File "[32m/Users/cammy/Documents/Cammy2026/AI Agent/hello-world/Smart_Recipe_Assistant/backend/src/services/[0m[32m[1mreporter.py[0m", line [33m30[0m, in [35mgenerate_report[0m
    [36mf"[0m[36m### 任务 [0m[1m{[0m[1mtask[0m[35m[1m.[0m[1mid[0m[1m}[0m[36m: [0m[1m{[0m[1mtask[0m[35m[1m.[0m[1mtitle[0m[1m}[0m[36m\n[0m[36m"[0m
    [36m          │    │     └ [0m[36m[1mTodoItem(id=1, name='快手家常炒蛋', intent='利用常见食材快速做一道简单下饭家常菜，适配用户用餐需求', query='低脂不辣，现有食材 番茄 土豆 家常简单菜谱 详细做法', status='pending', in...[0m
    [36m          │    └ [0m[36m[1m1[0m
    [36m          └ [0m[36m[1mTodoItem(id=1, name='快手家常炒蛋', intent='利用常见食材快速做一道简单下饭家常菜，适配用户用餐需求', query='低脂不辣，现有食材 番茄 土豆 家常简单菜谱 详细做法', status='pending', in...[0m

[31m[1mAttributeError[0m:[1m 'TodoItem' object has no attribute 'title'[0m
[32m2026-06-23 11:19:30[0m | [31m[1mERROR[0m | [36musing_function:event_iterator[0m | [36mmain.py:176[0m | [31m[1mStreaming research failed[0m
[33m[1mTraceback (most recent call last):[0m

  File "/Library/Frameworks/Python.framework/Versions/3.14/lib/python3.14/threading.py", line 1044, in _bootstrap
    self._bootstrap_inner()
    │    └ <function Thread._bootstrap_inner at 0x1018de560>
    └ <WorkerThread(AnyIO worker thread, started 123145407664128)>
  File "/Library/Frameworks/Python.framework/Versions/3.14/lib/python3.14/threading.py", line 1082, in _bootstrap_inner
    self._context.run(self.run)
    │    │        │   │    └ <function WorkerThread.run at 0x10b463b60>
    │    │        │   └ <WorkerThread(AnyIO worker thread, started 123145407664128)>
    │    │        └ <method 'run' of '_contextvars.Context' objects>
    │    └ <_contextvars.Context object at 0x10b02a880>
    └ <WorkerThread(AnyIO worker thread, started 123145407664128)>
  File "/Users/cammy/Documents/Cammy2026/AI Agent/hello-world/Smart_Recipe_Assistant/backend/.venv/lib/python3.14/site-packages/anyio/_backends/_asyncio.py", line 1029, in run
    result = context.run(func, *args)
             │       │   │      └ (<generator object create_app.<locals>.stream_research.<locals>.event_iterator at 0x10b3df230>,)
             │       │   └ <function _next at 0x10378cbf0>
             │       └ <method 'run' of '_contextvars.Context' objects>
             └ <_contextvars.Context object at 0x10b77b700>
  File "/Users/cammy/Documents/Cammy2026/AI Agent/hello-world/Smart_Recipe_Assistant/backend/.venv/lib/python3.14/site-packages/starlette/concurrency.py", line 46, in _next
    return next(iterator)
                └ <generator object create_app.<locals>.stream_research.<locals>.event_iterator at 0x10b3df230>

> File "[32m/Users/cammy/Documents/Cammy2026/AI Agent/hello-world/Smart_Recipe_Assistant/backend/src/[0m[32m[1mmain.py[0m", line [33m173[0m, in [35mevent_iterator[0m
    [35m[1mfor[0m [1mevent[0m [35m[1min[0m [1magent[0m[35m[1m.[0m[1mrun_stream[0m[1m([0m[1mpayload[0m[35m[1m.[0m[1mtopic[0m[1m)[0m[1m:[0m
    [36m    │        │     │          │       └ [0m[36m[1m'低脂不辣，现有食材 番茄 土豆'[0m
    [36m    │        │     │          └ [0m[36m[1mResearchRequest(topic='低脂不辣，现有食材 番茄 土豆', search_api=None)[0m
    [36m    │        │     └ [0m[36m[1m<function DeepResearchAgent.run_stream at 0x106dd5d20>[0m
    [36m    │        └ [0m[36m[1m<agent.DeepResearchAgent object at 0x10b3d7230>[0m
    [36m    └ [0m[36m[1m{'type': 'todo_list', 'tasks': [{'id': 1, 'name': '快手家常炒蛋', 'intent': '利用常见食材快速做一道简单下饭家常菜，适配用户用餐需求', 'query': '低脂不辣，现有食材 番茄 土...[0m

  File "[32m/Users/cammy/Documents/Cammy2026/AI Agent/hello-world/Smart_Recipe_Assistant/backend/src/[0m[32m[1magent.py[0m", line [33m267[0m, in [35mrun_stream[0m
    [1mreport[0m [35m[1m=[0m [1mself[0m[35m[1m.[0m[1mreporting[0m[35m[1m.[0m[1mgenerate_report[0m[1m([0m[1mstate[0m[1m)[0m
    [36m         │    │         │               └ [0m[36m[1mSummaryState(user_requirement='低脂不辣，现有食材 番茄 土豆', allergy_list=[], exist_ingredients=[], dish_list=[], all_search_context=[], ...[0m
    [36m         │    │         └ [0m[36m[1m<function ReportingService.generate_report at 0x106daf7f0>[0m
    [36m         │    └ [0m[36m[1m<services.reporter.ReportingService object at 0x10b4b1400>[0m
    [36m         └ [0m[36m[1m<agent.DeepResearchAgent object at 0x10b3d7230>[0m

  File "[32m/Users/cammy/Documents/Cammy2026/AI Agent/hello-world/Smart_Recipe_Assistant/backend/src/services/[0m[32m[1mreporter.py[0m", line [33m30[0m, in [35mgenerate_report[0m
    [36mf"[0m[36m### 任务 [0m[1m{[0m[1mtask[0m[35m[1m.[0m[1mid[0m[1m}[0m[36m: [0m[1m{[0m[1mtask[0m[35m[1m.[0m[1mtitle[0m[1m}[0m[36m\n[0m[36m"[0m
    [36m          │    │     └ [0m[36m[1mTodoItem(id=1, name='快手家常炒蛋', intent='利用常见食材快速做一道简单下饭家常菜，适配用户用餐需求', query='低脂不辣，现有食材 番茄 土豆 家常简单菜谱 详细做法', status='pending', in...[0m
    [36m          │    └ [0m[36m[1m1[0m
    [36m          └ [0m[36m[1mTodoItem(id=1, name='快手家常炒蛋', intent='利用常见食材快速做一道简单下饭家常菜，适配用户用餐需求', query='低脂不辣，现有食材 番茄 土豆 家常简单菜谱 详细做法', status='pending', in...[0m

[31m[1mAttributeError[0m:[1m 'TodoItem' object has no attribute 'title'[0m
[32m2026-06-23 11:21:02[0m | [31m[1mERROR[0m | [36musing_function:event_iterator[0m | [36mmain.py:176[0m | [31m[1mStreaming research failed[0m
[33m[1mTraceback (most recent call last):[0m

  File "/Library/Frameworks/Python.framework/Versions/3.14/lib/python3.14/threading.py", line 1044, in _bootstrap
    self._bootstrap_inner()
    │    └ <function Thread._bootstrap_inner at 0x10bd62560>
    └ <WorkerThread(AnyIO worker thread, started 123145518313472)>
  File "/Library/Frameworks/Python.framework/Versions/3.14/lib/python3.14/threading.py", line 1082, in _bootstrap_inner
    self._context.run(self.run)
    │    │        │   │    └ <function WorkerThread.run at 0x11584fb60>
    │    │        │   └ <WorkerThread(AnyIO worker thread, started 123145518313472)>
    │    │        └ <method 'run' of '_contextvars.Context' objects>
    │    └ <_contextvars.Context object at 0x1156c3ec0>
    └ <WorkerThread(AnyIO worker thread, started 123145518313472)>
  File "/Users/cammy/Documents/Cammy2026/AI Agent/hello-world/Smart_Recipe_Assistant/backend/.venv/lib/python3.14/site-packages/anyio/_backends/_asyncio.py", line 1029, in run
    result = context.run(func, *args)
             │       │   │      └ (<generator object create_app.<locals>.stream_research.<locals>.event_iterator at 0x1157cf120>,)
             │       │   └ <function _next at 0x10dc08bf0>
             │       └ <method 'run' of '_contextvars.Context' objects>
             └ <_contextvars.Context object at 0x1158aedc0>
  File "/Users/cammy/Documents/Cammy2026/AI Agent/hello-world/Smart_Recipe_Assistant/backend/.venv/lib/python3.14/site-packages/starlette/concurrency.py", line 46, in _next
    return next(iterator)
                └ <generator object create_app.<locals>.stream_research.<locals>.event_iterator at 0x1157cf120>

> File "[32m/Users/cammy/Documents/Cammy2026/AI Agent/hello-world/Smart_Recipe_Assistant/backend/src/[0m[32m[1mmain.py[0m", line [33m173[0m, in [35mevent_iterator[0m
    [35m[1mfor[0m [1mevent[0m [35m[1min[0m [1magent[0m[35m[1m.[0m[1mrun_stream[0m[1m([0m[1mpayload[0m[35m[1m.[0m[1mtopic[0m[1m)[0m[1m:[0m
    [36m    │        │     │          │       └ [0m[36m[1m'低脂不辣，现有食材 番茄 土豆'[0m
    [36m    │        │     │          └ [0m[36m[1mResearchRequest(topic='低脂不辣，现有食材 番茄 土豆', search_api=None)[0m
    [36m    │        │     └ [0m[36m[1m<function DeepResearchAgent.run_stream at 0x115279d20>[0m
    [36m    │        └ [0m[36m[1m<agent.DeepResearchAgent object at 0x1157c74d0>[0m
    [36m    └ [0m[36m[1m{'type': 'todo_list', 'tasks': [{'id': 1, 'name': '快手家常炒蛋', 'intent': '利用常见食材快速做一道简单下饭家常菜，适配用户用餐需求', 'query': '低脂不辣，现有食材 番茄 土...[0m

  File "[32m/Users/cammy/Documents/Cammy2026/AI Agent/hello-world/Smart_Recipe_Assistant/backend/src/[0m[32m[1magent.py[0m", line [33m267[0m, in [35mrun_stream[0m
    [1mreport[0m [35m[1m=[0m [1mself[0m[35m[1m.[0m[1mreporting[0m[35m[1m.[0m[1mgenerate_report[0m[1m([0m[1mstate[0m[1m)[0m
    [36m         │    │         │               └ [0m[36m[1mSummaryState(user_requirement='低脂不辣，现有食材 番茄 土豆', allergy_list=[], exist_ingredients=[], dish_list=[], all_search_context=[], ...[0m
    [36m         │    │         └ [0m[36m[1m<function ReportingService.generate_report at 0x1152577f0>[0m
    [36m         │    └ [0m[36m[1m<services.reporter.ReportingService object at 0x1158a16a0>[0m
    [36m         └ [0m[36m[1m<agent.DeepResearchAgent object at 0x1157c74d0>[0m

  File "[32m/Users/cammy/Documents/Cammy2026/AI Agent/hello-world/Smart_Recipe_Assistant/backend/src/services/[0m[32m[1mreporter.py[0m", line [33m30[0m, in [35mgenerate_report[0m
    [36mf"[0m[36m### 任务 [0m[1m{[0m[1mtask[0m[35m[1m.[0m[1mid[0m[1m}[0m[36m: [0m[1m{[0m[1mtask[0m[35m[1m.[0m[1mtitle[0m[1m}[0m[36m\n[0m[36m"[0m
    [36m          │    │     └ [0m[36m[1mTodoItem(id=1, name='快手家常炒蛋', intent='利用常见食材快速做一道简单下饭家常菜，适配用户用餐需求', query='低脂不辣，现有食材 番茄 土豆 家常简单菜谱 详细做法', status='pending', in...[0m
    [36m          │    └ [0m[36m[1m1[0m
    [36m          └ [0m[36m[1mTodoItem(id=1, name='快手家常炒蛋', intent='利用常见食材快速做一道简单下饭家常菜，适配用户用餐需求', query='低脂不辣，现有食材 番茄 土豆 家常简单菜谱 详细做法', status='pending', in...[0m

[31m[1mAttributeError[0m:[1m 'TodoItem' object has no attribute 'title'[0m
[32m2026-06-23 11:21:02[0m | [31m[1mERROR[0m | [36musing_function:event_iterator[0m | [36mmain.py:176[0m | [31m[1mStreaming research failed[0m
[33m[1mTraceback (most recent call last):[0m

  File "/Library/Frameworks/Python.framework/Versions/3.14/lib/python3.14/threading.py", line 1044, in _bootstrap
    self._bootstrap_inner()
    │    └ <function Thread._bootstrap_inner at 0x10bd62560>
    └ <WorkerThread(AnyIO worker thread, started 123145518313472)>
  File "/Library/Frameworks/Python.framework/Versions/3.14/lib/python3.14/threading.py", line 1082, in _bootstrap_inner
    self._context.run(self.run)
    │    │        │   │    └ <function WorkerThread.run at 0x11584fb60>
    │    │        │   └ <WorkerThread(AnyIO worker thread, started 123145518313472)>
    │    │        └ <method 'run' of '_contextvars.Context' objects>
    │    └ <_contextvars.Context object at 0x1156c3ec0>
    └ <WorkerThread(AnyIO worker thread, started 123145518313472)>
  File "/Users/cammy/Documents/Cammy2026/AI Agent/hello-world/Smart_Recipe_Assistant/backend/.venv/lib/python3.14/site-packages/anyio/_backends/_asyncio.py", line 1029, in run
    result = context.run(func, *args)
             │       │   │      └ (<generator object create_app.<locals>.stream_research.<locals>.event_iterator at 0x1157cf120>,)
             │       │   └ <function _next at 0x10dc08bf0>
             │       └ <method 'run' of '_contextvars.Context' objects>
             └ <_contextvars.Context object at 0x1158aedc0>
  File "/Users/cammy/Documents/Cammy2026/AI Agent/hello-world/Smart_Recipe_Assistant/backend/.venv/lib/python3.14/site-packages/starlette/concurrency.py", line 46, in _next
    return next(iterator)
                └ <generator object create_app.<locals>.stream_research.<locals>.event_iterator at 0x1157cf120>

> File "[32m/Users/cammy/Documents/Cammy2026/AI Agent/hello-world/Smart_Recipe_Assistant/backend/src/[0m[32m[1mmain.py[0m", line [33m173[0m, in [35mevent_iterator[0m
    [35m[1mfor[0m [1mevent[0m [35m[1min[0m [1magent[0m[35m[1m.[0m[1mrun_stream[0m[1m([0m[1mpayload[0m[35m[1m.[0m[1mtopic[0m[1m)[0m[1m:[0m
    [36m    │        │     │          │       └ [0m[36m[1m'低脂不辣，现有食材 番茄 土豆'[0m
    [36m    │        │     │          └ [0m[36m[1mResearchRequest(topic='低脂不辣，现有食材 番茄 土豆', search_api=None)[0m
    [36m    │        │     └ [0m[36m[1m<function DeepResearchAgent.run_stream at 0x115279d20>[0m
    [36m    │        └ [0m[36m[1m<agent.DeepResearchAgent object at 0x1157c74d0>[0m
    [36m    └ [0m[36m[1m{'type': 'todo_list', 'tasks': [{'id': 1, 'name': '快手家常炒蛋', 'intent': '利用常见食材快速做一道简单下饭家常菜，适配用户用餐需求', 'query': '低脂不辣，现有食材 番茄 土...[0m

  File "[32m/Users/cammy/Documents/Cammy2026/AI Agent/hello-world/Smart_Recipe_Assistant/backend/src/[0m[32m[1magent.py[0m", line [33m267[0m, in [35mrun_stream[0m
    [1mreport[0m [35m[1m=[0m [1mself[0m[35m[1m.[0m[1mreporting[0m[35m[1m.[0m[1mgenerate_report[0m[1m([0m[1mstate[0m[1m)[0m
    [36m         │    │         │               └ [0m[36m[1mSummaryState(user_requirement='低脂不辣，现有食材 番茄 土豆', allergy_list=[], exist_ingredients=[], dish_list=[], all_search_context=[], ...[0m
    [36m         │    │         └ [0m[36m[1m<function ReportingService.generate_report at 0x1152577f0>[0m
    [36m         │    └ [0m[36m[1m<services.reporter.ReportingService object at 0x1158a16a0>[0m
    [36m         └ [0m[36m[1m<agent.DeepResearchAgent object at 0x1157c74d0>[0m

  File "[32m/Users/cammy/Documents/Cammy2026/AI Agent/hello-world/Smart_Recipe_Assistant/backend/src/services/[0m[32m[1mreporter.py[0m", line [33m30[0m, in [35mgenerate_report[0m
    [36mf"[0m[36m### 任务 [0m[1m{[0m[1mtask[0m[35m[1m.[0m[1mid[0m[1m}[0m[36m: [0m[1m{[0m[1mtask[0m[35m[1m.[0m[1mtitle[0m[1m}[0m[36m\n[0m[36m"[0m
    [36m          │    │     └ [0m[36m[1mTodoItem(id=1, name='快手家常炒蛋', intent='利用常见食材快速做一道简单下饭家常菜，适配用户用餐需求', query='低脂不辣，现有食材 番茄 土豆 家常简单菜谱 详细做法', status='pending', in...[0m
    [36m          │    └ [0m[36m[1m1[0m
    [36m          └ [0m[36m[1mTodoItem(id=1, name='快手家常炒蛋', intent='利用常见食材快速做一道简单下饭家常菜，适配用户用餐需求', query='低脂不辣，现有食材 番茄 土豆 家常简单菜谱 详细做法', status='pending', in...[0m

[31m[1mAttributeError[0m:[1m 'TodoItem' object has no attribute 'title'[0m
[32m2026-06-23 11:21:46[0m | [31m[1mERROR[0m | [36musing_function:event_iterator[0m | [36mmain.py:176[0m | [31m[1mStreaming research failed[0m
[33m[1mTraceback (most recent call last):[0m

  File "/Library/Frameworks/Python.framework/Versions/3.14/lib/python3.14/threading.py", line 1044, in _bootstrap
    self._bootstrap_inner()
    │    └ <function Thread._bootstrap_inner at 0x10273a560>
    └ <WorkerThread(AnyIO worker thread, started 123145545023488)>
  File "/Library/Frameworks/Python.framework/Versions/3.14/lib/python3.14/threading.py", line 1082, in _bootstrap_inner
    self._context.run(self.run)
    │    │        │   │    └ <function WorkerThread.run at 0x10c27bb60>
    │    │        │   └ <WorkerThread(AnyIO worker thread, started 123145545023488)>
    │    │        └ <method 'run' of '_contextvars.Context' objects>
    │    └ <_contextvars.Context object at 0x10c284c40>
    └ <WorkerThread(AnyIO worker thread, started 123145545023488)>
  File "/Users/cammy/Documents/Cammy2026/AI Agent/hello-world/Smart_Recipe_Assistant/backend/.venv/lib/python3.14/site-packages/anyio/_backends/_asyncio.py", line 1029, in run
    result = context.run(func, *args)
             │       │   │      └ (<generator object create_app.<locals>.stream_research.<locals>.event_iterator at 0x10c1f7120>,)
             │       │   └ <function _next at 0x1045e8bf0>
             │       └ <method 'run' of '_contextvars.Context' objects>
             └ <_contextvars.Context object at 0x10c7a7dc0>
  File "/Users/cammy/Documents/Cammy2026/AI Agent/hello-world/Smart_Recipe_Assistant/backend/.venv/lib/python3.14/site-packages/starlette/concurrency.py", line 46, in _next
    return next(iterator)
                └ <generator object create_app.<locals>.stream_research.<locals>.event_iterator at 0x10c1f7120>

> File "[32m/Users/cammy/Documents/Cammy2026/AI Agent/hello-world/Smart_Recipe_Assistant/backend/src/[0m[32m[1mmain.py[0m", line [33m173[0m, in [35mevent_iterator[0m
    [35m[1mfor[0m [1mevent[0m [35m[1min[0m [1magent[0m[35m[1m.[0m[1mrun_stream[0m[1m([0m[1mpayload[0m[35m[1m.[0m[1mtopic[0m[1m)[0m[1m:[0m
    [36m    │        │     │          │       └ [0m[36m[1m'低脂不辣，现有食材 番茄 土豆'[0m
    [36m    │        │     │          └ [0m[36m[1mResearchRequest(topic='低脂不辣，现有食材 番茄 土豆', search_api=None)[0m
    [36m    │        │     └ [0m[36m[1m<function DeepResearchAgent.run_stream at 0x10bca1d20>[0m
    [36m    │        └ [0m[36m[1m<agent.DeepResearchAgent object at 0x10c1ef4d0>[0m
    [36m    └ [0m[36m[1m{'type': 'task_status', 'task_id': 1, 'status': 'in_progress', 'title': '快手家常炒蛋', 'intent': '利用常见食材快速做一道简单下饭家常菜，适配用户用餐需求', 'n...[0m

  File "[32m/Users/cammy/Documents/Cammy2026/AI Agent/hello-world/Smart_Recipe_Assistant/backend/src/[0m[32m[1magent.py[0m", line [33m267[0m, in [35mrun_stream[0m
    [1mreport[0m [35m[1m=[0m [1mself[0m[35m[1m.[0m[1mreporting[0m[35m[1m.[0m[1mgenerate_report[0m[1m([0m[1mstate[0m[1m)[0m
    [36m         │    │         │               └ [0m[36m[1mSummaryState(user_requirement='低脂不辣，现有食材 番茄 土豆', allergy_list=[], exist_ingredients=[], dish_list=[], all_search_context=[], ...[0m
    [36m         │    │         └ [0m[36m[1m<function ReportingService.generate_report at 0x10bc837f0>[0m
    [36m         │    └ [0m[36m[1m<services.reporter.ReportingService object at 0x10c7996a0>[0m
    [36m         └ [0m[36m[1m<agent.DeepResearchAgent object at 0x10c1ef4d0>[0m

  File "[32m/Users/cammy/Documents/Cammy2026/AI Agent/hello-world/Smart_Recipe_Assistant/backend/src/services/[0m[32m[1mreporter.py[0m", line [33m30[0m, in [35mgenerate_report[0m
    [36mf"[0m[36m### 任务 [0m[1m{[0m[1mtask[0m[35m[1m.[0m[1mid[0m[1m}[0m[36m: [0m[1m{[0m[1mtask[0m[35m[1m.[0m[1mtitle[0m[1m}[0m[36m\n[0m[36m"[0m
    [36m          │    │     └ [0m[36m[1mTodoItem(id=1, name='快手家常炒蛋', intent='利用常见食材快速做一道简单下饭家常菜，适配用户用餐需求', query='低脂不辣，现有食材 番茄 土豆 家常简单菜谱 详细做法', status='in_progress'...[0m
    [36m          │    └ [0m[36m[1m1[0m
    [36m          └ [0m[36m[1mTodoItem(id=1, name='快手家常炒蛋', intent='利用常见食材快速做一道简单下饭家常菜，适配用户用餐需求', query='低脂不辣，现有食材 番茄 土豆 家常简单菜谱 详细做法', status='in_progress'...[0m

[31m[1mAttributeError[0m:[1m 'TodoItem' object has no attribute 'title'[0m
[32m2026-06-23 11:21:46[0m | [31m[1mERROR[0m | [36musing_function:event_iterator[0m | [36mmain.py:176[0m | [31m[1mStreaming research failed[0m
[33m[1mTraceback (most recent call last):[0m

  File "/Library/Frameworks/Python.framework/Versions/3.14/lib/python3.14/threading.py", line 1044, in _bootstrap
    self._bootstrap_inner()
    │    └ <function Thread._bootstrap_inner at 0x10273a560>
    └ <WorkerThread(AnyIO worker thread, started 123145545023488)>
  File "/Library/Frameworks/Python.framework/Versions/3.14/lib/python3.14/threading.py", line 1082, in _bootstrap_inner
    self._context.run(self.run)
    │    │        │   │    └ <function WorkerThread.run at 0x10c27bb60>
    │    │        │   └ <WorkerThread(AnyIO worker thread, started 123145545023488)>
    │    │        └ <method 'run' of '_contextvars.Context' objects>
    │    └ <_contextvars.Context object at 0x10c284c40>
    └ <WorkerThread(AnyIO worker thread, started 123145545023488)>
  File "/Users/cammy/Documents/Cammy2026/AI Agent/hello-world/Smart_Recipe_Assistant/backend/.venv/lib/python3.14/site-packages/anyio/_backends/_asyncio.py", line 1029, in run
    result = context.run(func, *args)
             │       │   │      └ (<generator object create_app.<locals>.stream_research.<locals>.event_iterator at 0x10c1f7120>,)
             │       │   └ <function _next at 0x1045e8bf0>
             │       └ <method 'run' of '_contextvars.Context' objects>
             └ <_contextvars.Context object at 0x10c7a7dc0>
  File "/Users/cammy/Documents/Cammy2026/AI Agent/hello-world/Smart_Recipe_Assistant/backend/.venv/lib/python3.14/site-packages/starlette/concurrency.py", line 46, in _next
    return next(iterator)
                └ <generator object create_app.<locals>.stream_research.<locals>.event_iterator at 0x10c1f7120>

> File "[32m/Users/cammy/Documents/Cammy2026/AI Agent/hello-world/Smart_Recipe_Assistant/backend/src/[0m[32m[1mmain.py[0m", line [33m173[0m, in [35mevent_iterator[0m
    [35m[1mfor[0m [1mevent[0m [35m[1min[0m [1magent[0m[35m[1m.[0m[1mrun_stream[0m[1m([0m[1mpayload[0m[35m[1m.[0m[1mtopic[0m[1m)[0m[1m:[0m
    [36m    │        │     │          │       └ [0m[36m[1m'低脂不辣，现有食材 番茄 土豆'[0m
    [36m    │        │     │          └ [0m[36m[1mResearchRequest(topic='低脂不辣，现有食材 番茄 土豆', search_api=None)[0m
    [36m    │        │     └ [0m[36m[1m<function DeepResearchAgent.run_stream at 0x10bca1d20>[0m
    [36m    │        └ [0m[36m[1m<agent.DeepResearchAgent object at 0x10c1ef4d0>[0m
    [36m    └ [0m[36m[1m{'type': 'task_status', 'task_id': 1, 'status': 'in_progress', 'title': '快手家常炒蛋', 'intent': '利用常见食材快速做一道简单下饭家常菜，适配用户用餐需求', 'n...[0m

  File "[32m/Users/cammy/Documents/Cammy2026/AI Agent/hello-world/Smart_Recipe_Assistant/backend/src/[0m[32m[1magent.py[0m", line [33m267[0m, in [35mrun_stream[0m
    [1mreport[0m [35m[1m=[0m [1mself[0m[35m[1m.[0m[1mreporting[0m[35m[1m.[0m[1mgenerate_report[0m[1m([0m[1mstate[0m[1m)[0m
    [36m         │    │         │               └ [0m[36m[1mSummaryState(user_requirement='低脂不辣，现有食材 番茄 土豆', allergy_list=[], exist_ingredients=[], dish_list=[], all_search_context=[], ...[0m
    [36m         │    │         └ [0m[36m[1m<function ReportingService.generate_report at 0x10bc837f0>[0m
    [36m         │    └ [0m[36m[1m<services.reporter.ReportingService object at 0x10c7996a0>[0m
    [36m         └ [0m[36m[1m<agent.DeepResearchAgent object at 0x10c1ef4d0>[0m

  File "[32m/Users/cammy/Documents/Cammy2026/AI Agent/hello-world/Smart_Recipe_Assistant/backend/src/services/[0m[32m[1mreporter.py[0m", line [33m30[0m, in [35mgenerate_report[0m
    [36mf"[0m[36m### 任务 [0m[1m{[0m[1mtask[0m[35m[1m.[0m[1mid[0m[1m}[0m[36m: [0m[1m{[0m[1mtask[0m[35m[1m.[0m[1mtitle[0m[1m}[0m[36m\n[0m[36m"[0m
    [36m          │    │     └ [0m[36m[1mTodoItem(id=1, name='快手家常炒蛋', intent='利用常见食材快速做一道简单下饭家常菜，适配用户用餐需求', query='低脂不辣，现有食材 番茄 土豆 家常简单菜谱 详细做法', status='in_progress'...[0m
    [36m          │    └ [0m[36m[1m1[0m
    [36m          └ [0m[36m[1mTodoItem(id=1, name='快手家常炒蛋', intent='利用常见食材快速做一道简单下饭家常菜，适配用户用餐需求', query='低脂不辣，现有食材 番茄 土豆 家常简单菜谱 详细做法', status='in_progress'...[0m

[31m[1mAttributeError[0m:[1m 'TodoItem' object has no attribute 'title'[0m
[32m2026-06-23 11:22:25[0m | [31m[1mERROR[0m | [36musing_function:event_iterator[0m | [36mmain.py:176[0m | [31m[1mStreaming research failed[0m
[33m[1mTraceback (most recent call last):[0m

  File "/Library/Frameworks/Python.framework/Versions/3.14/lib/python3.14/threading.py", line 1044, in _bootstrap
    self._bootstrap_inner()
    │    └ <function Thread._bootstrap_inner at 0x10cd8e560>
    └ <WorkerThread(AnyIO worker thread, started 123145555910656)>
  File "/Library/Frameworks/Python.framework/Versions/3.14/lib/python3.14/threading.py", line 1082, in _bootstrap_inner
    self._context.run(self.run)
    │    │        │   │    └ <function WorkerThread.run at 0x112893a00>
    │    │        │   └ <WorkerThread(AnyIO worker thread, started 123145555910656)>
    │    │        └ <method 'run' of '_contextvars.Context' objects>
    │    └ <_contextvars.Context object at 0x11286e4c0>
    └ <WorkerThread(AnyIO worker thread, started 123145555910656)>
  File "/Users/cammy/Documents/Cammy2026/AI Agent/hello-world/Smart_Recipe_Assistant/backend/.venv/lib/python3.14/site-packages/anyio/_backends/_asyncio.py", line 1029, in run
    result = context.run(func, *args)
             │       │   │      └ (<generator object create_app.<locals>.stream_research.<locals>.event_iterator at 0x11280b120>,)
             │       │   └ <function _next at 0x10ec3cbf0>
             │       └ <method 'run' of '_contextvars.Context' objects>
             └ <_contextvars.Context object at 0x1125a9640>
  File "/Users/cammy/Documents/Cammy2026/AI Agent/hello-world/Smart_Recipe_Assistant/backend/.venv/lib/python3.14/site-packages/starlette/concurrency.py", line 46, in _next
    return next(iterator)
                └ <generator object create_app.<locals>.stream_research.<locals>.event_iterator at 0x11280b120>

> File "[32m/Users/cammy/Documents/Cammy2026/AI Agent/hello-world/Smart_Recipe_Assistant/backend/src/[0m[32m[1mmain.py[0m", line [33m173[0m, in [35mevent_iterator[0m
    [35m[1mfor[0m [1mevent[0m [35m[1min[0m [1magent[0m[35m[1m.[0m[1mrun_stream[0m[1m([0m[1mpayload[0m[35m[1m.[0m[1mtopic[0m[1m)[0m[1m:[0m
    [36m    │        │     │          │       └ [0m[36m[1m'低脂不辣，现有食材 番茄 土豆'[0m
    [36m    │        │     │          └ [0m[36m[1mResearchRequest(topic='低脂不辣，现有食材 番茄 土豆', search_api=None)[0m
    [36m    │        │     └ [0m[36m[1m<function DeepResearchAgent.run_stream at 0x1122b1bc0>[0m
    [36m    │        └ [0m[36m[1m<agent.DeepResearchAgent object at 0x112803620>[0m
    [36m    └ [0m[36m[1m{'type': 'task_status', 'task_id': 1, 'status': 'in_progress', 'title': '快手家常炒蛋', 'intent': '利用常见食材快速做一道简单下饭家常菜，适配用户用餐需求', 'n...[0m

  File "[32m/Users/cammy/Documents/Cammy2026/AI Agent/hello-world/Smart_Recipe_Assistant/backend/src/[0m[32m[1magent.py[0m", line [33m267[0m, in [35mrun_stream[0m
    [1mreport[0m [35m[1m=[0m [1mself[0m[35m[1m.[0m[1mreporting[0m[35m[1m.[0m[1mgenerate_report[0m[1m([0m[1mstate[0m[1m)[0m
    [36m         │    │         │               └ [0m[36m[1mSummaryState(user_requirement='低脂不辣，现有食材 番茄 土豆', allergy_list=[], exist_ingredients=[], dish_list=[], all_search_context=[], ...[0m
    [36m         │    │         └ [0m[36m[1m<function ReportingService.generate_report at 0x11228b690>[0m
    [36m         │    └ [0m[36m[1m<services.reporter.ReportingService object at 0x112b997f0>[0m
    [36m         └ [0m[36m[1m<agent.DeepResearchAgent object at 0x112803620>[0m

  File "[32m/Users/cammy/Documents/Cammy2026/AI Agent/hello-world/Smart_Recipe_Assistant/backend/src/services/[0m[32m[1mreporter.py[0m", line [33m51[0m, in [35mgenerate_report[0m
    [36m"title"[0m[1m:[0m [36mf"[0m[36m研究报告：[0m[1m{[0m[1mstate[0m[35m[1m.[0m[1mresearch_topic[0m[1m}[0m[36m"[0m[1m,[0m
    [36m                 └ [0m[36m[1mSummaryState(user_requirement='低脂不辣，现有食材 番茄 土豆', allergy_list=[], exist_ingredients=[], dish_list=[], all_search_context=[], ...[0m

[31m[1mAttributeError[0m:[1m 'SummaryState' object has no attribute 'research_topic'[0m
[32m2026-06-23 11:22:25[0m | [31m[1mERROR[0m | [36musing_function:event_iterator[0m | [36mmain.py:176[0m | [31m[1mStreaming research failed[0m
[33m[1mTraceback (most recent call last):[0m

  File "/Library/Frameworks/Python.framework/Versions/3.14/lib/python3.14/threading.py", line 1044, in _bootstrap
    self._bootstrap_inner()
    │    └ <function Thread._bootstrap_inner at 0x10cd8e560>
    └ <WorkerThread(AnyIO worker thread, started 123145555910656)>
  File "/Library/Frameworks/Python.framework/Versions/3.14/lib/python3.14/threading.py", line 1082, in _bootstrap_inner
    self._context.run(self.run)
    │    │        │   │    └ <function WorkerThread.run at 0x112893a00>
    │    │        │   └ <WorkerThread(AnyIO worker thread, started 123145555910656)>
    │    │        └ <method 'run' of '_contextvars.Context' objects>
    │    └ <_contextvars.Context object at 0x11286e4c0>
    └ <WorkerThread(AnyIO worker thread, started 123145555910656)>
  File "/Users/cammy/Documents/Cammy2026/AI Agent/hello-world/Smart_Recipe_Assistant/backend/.venv/lib/python3.14/site-packages/anyio/_backends/_asyncio.py", line 1029, in run
    result = context.run(func, *args)
             │       │   │      └ (<generator object create_app.<locals>.stream_research.<locals>.event_iterator at 0x11280b120>,)
             │       │   └ <function _next at 0x10ec3cbf0>
             │       └ <method 'run' of '_contextvars.Context' objects>
             └ <_contextvars.Context object at 0x1125a9640>
  File "/Users/cammy/Documents/Cammy2026/AI Agent/hello-world/Smart_Recipe_Assistant/backend/.venv/lib/python3.14/site-packages/starlette/concurrency.py", line 46, in _next
    return next(iterator)
                └ <generator object create_app.<locals>.stream_research.<locals>.event_iterator at 0x11280b120>

> File "[32m/Users/cammy/Documents/Cammy2026/AI Agent/hello-world/Smart_Recipe_Assistant/backend/src/[0m[32m[1mmain.py[0m", line [33m173[0m, in [35mevent_iterator[0m
    [35m[1mfor[0m [1mevent[0m [35m[1min[0m [1magent[0m[35m[1m.[0m[1mrun_stream[0m[1m([0m[1mpayload[0m[35m[1m.[0m[1mtopic[0m[1m)[0m[1m:[0m
    [36m    │        │     │          │       └ [0m[36m[1m'低脂不辣，现有食材 番茄 土豆'[0m
    [36m    │        │     │          └ [0m[36m[1mResearchRequest(topic='低脂不辣，现有食材 番茄 土豆', search_api=None)[0m
    [36m    │        │     └ [0m[36m[1m<function DeepResearchAgent.run_stream at 0x1122b1bc0>[0m
    [36m    │        └ [0m[36m[1m<agent.DeepResearchAgent object at 0x112803620>[0m
    [36m    └ [0m[36m[1m{'type': 'task_status', 'task_id': 1, 'status': 'in_progress', 'title': '快手家常炒蛋', 'intent': '利用常见食材快速做一道简单下饭家常菜，适配用户用餐需求', 'n...[0m

  File "[32m/Users/cammy/Documents/Cammy2026/AI Agent/hello-world/Smart_Recipe_Assistant/backend/src/[0m[32m[1magent.py[0m", line [33m267[0m, in [35mrun_stream[0m
    [1mreport[0m [35m[1m=[0m [1mself[0m[35m[1m.[0m[1mreporting[0m[35m[1m.[0m[1mgenerate_report[0m[1m([0m[1mstate[0m[1m)[0m
    [36m         │    │         │               └ [0m[36m[1mSummaryState(user_requirement='低脂不辣，现有食材 番茄 土豆', allergy_list=[], exist_ingredients=[], dish_list=[], all_search_context=[], ...[0m
    [36m         │    │         └ [0m[36m[1m<function ReportingService.generate_report at 0x11228b690>[0m
    [36m         │    └ [0m[36m[1m<services.reporter.ReportingService object at 0x112b997f0>[0m
    [36m         └ [0m[36m[1m<agent.DeepResearchAgent object at 0x112803620>[0m

  File "[32m/Users/cammy/Documents/Cammy2026/AI Agent/hello-world/Smart_Recipe_Assistant/backend/src/services/[0m[32m[1mreporter.py[0m", line [33m51[0m, in [35mgenerate_report[0m
    [36m"title"[0m[1m:[0m [36mf"[0m[36m研究报告：[0m[1m{[0m[1mstate[0m[35m[1m.[0m[1mresearch_topic[0m[1m}[0m[36m"[0m[1m,[0m
    [36m                 └ [0m[36m[1mSummaryState(user_requirement='低脂不辣，现有食材 番茄 土豆', allergy_list=[], exist_ingredients=[], dish_list=[], all_search_context=[], ...[0m

[31m[1mAttributeError[0m:[1m 'SummaryState' object has no attribute 'research_topic'[0m
[32m2026-06-23 11:23:07[0m | [31m[1mERROR[0m | [36musing_function:event_iterator[0m | [36mmain.py:176[0m | [31m[1mStreaming research failed[0m
[33m[1mTraceback (most recent call last):[0m

  File "/Library/Frameworks/Python.framework/Versions/3.14/lib/python3.14/threading.py", line 1044, in _bootstrap
    self._bootstrap_inner()
    │    └ <function Thread._bootstrap_inner at 0x10c5d2560>
    └ <WorkerThread(AnyIO worker thread, started 123145561280512)>
  File "/Library/Frameworks/Python.framework/Versions/3.14/lib/python3.14/threading.py", line 1082, in _bootstrap_inner
    self._context.run(self.run)
    │    │        │   │    └ <function WorkerThread.run at 0x11624fa00>
    │    │        │   └ <WorkerThread(AnyIO worker thread, started 123145561280512)>
    │    │        └ <method 'run' of '_contextvars.Context' objects>
    │    └ <_contextvars.Context object at 0x11623c780>
    └ <WorkerThread(AnyIO worker thread, started 123145561280512)>
  File "/Users/cammy/Documents/Cammy2026/AI Agent/hello-world/Smart_Recipe_Assistant/backend/.venv/lib/python3.14/site-packages/anyio/_backends/_asyncio.py", line 1029, in run
    result = context.run(func, *args)
             │       │   │      └ (<generator object create_app.<locals>.stream_research.<locals>.event_iterator at 0x1161c7120>,)
             │       │   └ <function _next at 0x10e478bf0>
             │       └ <method 'run' of '_contextvars.Context' objects>
             └ <_contextvars.Context object at 0x115e12380>
  File "/Users/cammy/Documents/Cammy2026/AI Agent/hello-world/Smart_Recipe_Assistant/backend/.venv/lib/python3.14/site-packages/starlette/concurrency.py", line 46, in _next
    return next(iterator)
                └ <generator object create_app.<locals>.stream_research.<locals>.event_iterator at 0x1161c7120>

> File "[32m/Users/cammy/Documents/Cammy2026/AI Agent/hello-world/Smart_Recipe_Assistant/backend/src/[0m[32m[1mmain.py[0m", line [33m173[0m, in [35mevent_iterator[0m
    [35m[1mfor[0m [1mevent[0m [35m[1min[0m [1magent[0m[35m[1m.[0m[1mrun_stream[0m[1m([0m[1mpayload[0m[35m[1m.[0m[1mtopic[0m[1m)[0m[1m:[0m
    [36m    │        │     │          │       └ [0m[36m[1m'低脂不辣，现有食材 番茄 土豆'[0m
    [36m    │        │     │          └ [0m[36m[1mResearchRequest(topic='低脂不辣，现有食材 番茄 土豆', search_api=None)[0m
    [36m    │        │     └ [0m[36m[1m<function DeepResearchAgent.run_stream at 0x115c79bc0>[0m
    [36m    │        └ [0m[36m[1m<agent.DeepResearchAgent object at 0x1161bf620>[0m
    [36m    └ [0m[36m[1m{'type': 'status', 'message': '初始化菜谱分析流程'}[0m

  File "[32m/Users/cammy/Documents/Cammy2026/AI Agent/hello-world/Smart_Recipe_Assistant/backend/src/[0m[32m[1magent.py[0m", line [33m156[0m, in [35mrun_stream[0m
    [1mstate[0m[35m[1m.[0m[1mtodo_items[0m [35m[1m=[0m [1mself[0m[35m[1m.[0m[1mplanner[0m[35m[1m.[0m[1mplan_todo_list[0m[1m([0m[1mstate[0m[1m)[0m
    [36m│                  │    │       │              └ [0m[36m[1mSummaryState(user_requirement='低脂不辣，现有食材 番茄 土豆', allergy_list=[], exist_ingredients=[], dish_list=[], all_search_context=[], ...[0m
    [36m│                  │    │       └ [0m[36m[1m<function PlanningService.plan_todo_list at 0x115c52c40>[0m
    [36m│                  │    └ [0m[36m[1m<services.planner.PlanningService object at 0x116299550>[0m
    [36m│                  └ [0m[36m[1m<agent.DeepResearchAgent object at 0x1161bf620>[0m
    [36m└ [0m[36m[1mSummaryState(user_requirement='低脂不辣，现有食材 番茄 土豆', allergy_list=[], exist_ingredients=[], dish_list=[], all_search_context=[], ...[0m

  File "[32m/Users/cammy/Documents/Cammy2026/AI Agent/hello-world/Smart_Recipe_Assistant/backend/src/services/[0m[32m[1mplanner.py[0m", line [33m55[0m, in [35mplan_todo_list[0m
    [1mtask[0m [35m[1m=[0m [1mTodoItem[0m[1m([0m
    [36m       └ [0m[36m[1m<class 'models.TodoItem'>[0m

[31m[1mTypeError[0m:[1m TodoItem.__init__() got an unexpected keyword argument 'title'[0m
[32m2026-06-23 11:23:07[0m | [31m[1mERROR[0m | [36musing_function:event_iterator[0m | [36mmain.py:176[0m | [31m[1mStreaming research failed[0m
[33m[1mTraceback (most recent call last):[0m

  File "/Library/Frameworks/Python.framework/Versions/3.14/lib/python3.14/threading.py", line 1044, in _bootstrap
    self._bootstrap_inner()
    │    └ <function Thread._bootstrap_inner at 0x10c5d2560>
    └ <WorkerThread(AnyIO worker thread, started 123145561280512)>
  File "/Library/Frameworks/Python.framework/Versions/3.14/lib/python3.14/threading.py", line 1082, in _bootstrap_inner
    self._context.run(self.run)
    │    │        │   │    └ <function WorkerThread.run at 0x11624fa00>
    │    │        │   └ <WorkerThread(AnyIO worker thread, started 123145561280512)>
    │    │        └ <method 'run' of '_contextvars.Context' objects>
    │    └ <_contextvars.Context object at 0x11623c780>
    └ <WorkerThread(AnyIO worker thread, started 123145561280512)>
  File "/Users/cammy/Documents/Cammy2026/AI Agent/hello-world/Smart_Recipe_Assistant/backend/.venv/lib/python3.14/site-packages/anyio/_backends/_asyncio.py", line 1029, in run
    result = context.run(func, *args)
             │       │   │      └ (<generator object create_app.<locals>.stream_research.<locals>.event_iterator at 0x1161c7120>,)
             │       │   └ <function _next at 0x10e478bf0>
             │       └ <method 'run' of '_contextvars.Context' objects>
             └ <_contextvars.Context object at 0x115e12380>
  File "/Users/cammy/Documents/Cammy2026/AI Agent/hello-world/Smart_Recipe_Assistant/backend/.venv/lib/python3.14/site-packages/starlette/concurrency.py", line 46, in _next
    return next(iterator)
                └ <generator object create_app.<locals>.stream_research.<locals>.event_iterator at 0x1161c7120>

> File "[32m/Users/cammy/Documents/Cammy2026/AI Agent/hello-world/Smart_Recipe_Assistant/backend/src/[0m[32m[1mmain.py[0m", line [33m173[0m, in [35mevent_iterator[0m
    [35m[1mfor[0m [1mevent[0m [35m[1min[0m [1magent[0m[35m[1m.[0m[1mrun_stream[0m[1m([0m[1mpayload[0m[35m[1m.[0m[1mtopic[0m[1m)[0m[1m:[0m
    [36m    │        │     │          │       └ [0m[36m[1m'低脂不辣，现有食材 番茄 土豆'[0m
    [36m    │        │     │          └ [0m[36m[1mResearchRequest(topic='低脂不辣，现有食材 番茄 土豆', search_api=None)[0m
    [36m    │        │     └ [0m[36m[1m<function DeepResearchAgent.run_stream at 0x115c79bc0>[0m
    [36m    │        └ [0m[36m[1m<agent.DeepResearchAgent object at 0x1161bf620>[0m
    [36m    └ [0m[36m[1m{'type': 'status', 'message': '初始化菜谱分析流程'}[0m

  File "[32m/Users/cammy/Documents/Cammy2026/AI Agent/hello-world/Smart_Recipe_Assistant/backend/src/[0m[32m[1magent.py[0m", line [33m156[0m, in [35mrun_stream[0m
    [1mstate[0m[35m[1m.[0m[1mtodo_items[0m [35m[1m=[0m [1mself[0m[35m[1m.[0m[1mplanner[0m[35m[1m.[0m[1mplan_todo_list[0m[1m([0m[1mstate[0m[1m)[0m
    [36m│                  │    │       │              └ [0m[36m[1mSummaryState(user_requirement='低脂不辣，现有食材 番茄 土豆', allergy_list=[], exist_ingredients=[], dish_list=[], all_search_context=[], ...[0m
    [36m│                  │    │       └ [0m[36m[1m<function PlanningService.plan_todo_list at 0x115c52c40>[0m
    [36m│                  │    └ [0m[36m[1m<services.planner.PlanningService object at 0x116299550>[0m
    [36m│                  └ [0m[36m[1m<agent.DeepResearchAgent object at 0x1161bf620>[0m
    [36m└ [0m[36m[1mSummaryState(user_requirement='低脂不辣，现有食材 番茄 土豆', allergy_list=[], exist_ingredients=[], dish_list=[], all_search_context=[], ...[0m

  File "[32m/Users/cammy/Documents/Cammy2026/AI Agent/hello-world/Smart_Recipe_Assistant/backend/src/services/[0m[32m[1mplanner.py[0m", line [33m55[0m, in [35mplan_todo_list[0m
    [1mtask[0m [35m[1m=[0m [1mTodoItem[0m[1m([0m
    [36m       └ [0m[36m[1m<class 'models.TodoItem'>[0m

[31m[1mTypeError[0m:[1m TodoItem.__init__() got an unexpected keyword argument 'title'[0m
[32m2026-06-23 11:24:15[0m | [31m[1mERROR[0m | [36musing_function:event_iterator[0m | [36mmain.py:176[0m | [31m[1mStreaming research failed[0m
[33m[1mTraceback (most recent call last):[0m

  File "/Library/Frameworks/Python.framework/Versions/3.14/lib/python3.14/threading.py", line 1044, in _bootstrap
    self._bootstrap_inner()
    │    └ <function Thread._bootstrap_inner at 0x10c3fa560>
    └ <WorkerThread(AnyIO worker thread, started 123145371504640)>
  File "/Library/Frameworks/Python.framework/Versions/3.14/lib/python3.14/threading.py", line 1082, in _bootstrap_inner
    self._context.run(self.run)
    │    │        │   │    └ <function WorkerThread.run at 0x111effa00>
    │    │        │   └ <WorkerThread(AnyIO worker thread, started 123145371504640)>
    │    │        └ <method 'run' of '_contextvars.Context' objects>
    │    └ <_contextvars.Context object at 0x111eda900>
    └ <WorkerThread(AnyIO worker thread, started 123145371504640)>
  File "/Users/cammy/Documents/Cammy2026/AI Agent/hello-world/Smart_Recipe_Assistant/backend/.venv/lib/python3.14/site-packages/anyio/_backends/_asyncio.py", line 1029, in run
    result = context.run(func, *args)
             │       │   │      └ (<generator object create_app.<locals>.stream_research.<locals>.event_iterator at 0x111e73120>,)
             │       │   └ <function _next at 0x10e2a8bf0>
             │       └ <method 'run' of '_contextvars.Context' objects>
             └ <_contextvars.Context object at 0x112216640>
  File "/Users/cammy/Documents/Cammy2026/AI Agent/hello-world/Smart_Recipe_Assistant/backend/.venv/lib/python3.14/site-packages/starlette/concurrency.py", line 46, in _next
    return next(iterator)
                └ <generator object create_app.<locals>.stream_research.<locals>.event_iterator at 0x111e73120>

> File "[32m/Users/cammy/Documents/Cammy2026/AI Agent/hello-world/Smart_Recipe_Assistant/backend/src/[0m[32m[1mmain.py[0m", line [33m173[0m, in [35mevent_iterator[0m
    [35m[1mfor[0m [1mevent[0m [35m[1min[0m [1magent[0m[35m[1m.[0m[1mrun_stream[0m[1m([0m[1mpayload[0m[35m[1m.[0m[1mtopic[0m[1m)[0m[1m:[0m
    [36m    │        │     │          │       └ [0m[36m[1m'低脂不辣，现有食材 番茄 土豆'[0m
    [36m    │        │     │          └ [0m[36m[1mResearchRequest(topic='低脂不辣，现有食材 番茄 土豆', search_api=None)[0m
    [36m    │        │     └ [0m[36m[1m<function DeepResearchAgent.run_stream at 0x111921bc0>[0m
    [36m    │        └ [0m[36m[1m<agent.DeepResearchAgent object at 0x111e6f4d0>[0m
    [36m    └ [0m[36m[1m{'type': 'tool_call', 'event_id': 1, 'agent': '菜单撰写专家', 'tool': 'note', 'parameters': {'action': 'create', 'title': '完整菜谱套餐：低...[0m

  File "[32m/Users/cammy/Documents/Cammy2026/AI Agent/hello-world/Smart_Recipe_Assistant/backend/src/[0m[32m[1magent.py[0m", line [33m274[0m, in [35mrun_stream[0m
    [1mnote_event[0m [35m[1m=[0m [1mself[0m[35m[1m.[0m[1m_persist_final_report[0m[1m([0m[1mstate[0m[1m,[0m [1mreport[0m[1m)[0m
    [36m             │    │                     │      └ [0m[36m[1m'已成功创建完整菜谱套餐笔记，以下是完整的报告内容：\n\n```\n# 低脂不辣，现有食材 番茄 土豆 全套菜谱报告\n\n## 1. **用餐需求总览**\n- **原始需求**：用户希望制作一道低脂、不辣的家常菜，适合快手烹饪。\n- **饮食...[0m
    [36m             │    │                     └ [0m[36m[1mSummaryState(user_requirement='低脂不辣，现有食材 番茄 土豆', allergy_list=[], exist_ingredients=[], dish_list=[], all_search_context=[], ...[0m
    [36m             │    └ [0m[36m[1m<function DeepResearchAgent._persist_final_report at 0x1119222a0>[0m
    [36m             └ [0m[36m[1m<agent.DeepResearchAgent object at 0x111e6f4d0>[0m

  File "[32m/Users/cammy/Documents/Cammy2026/AI Agent/hello-world/Smart_Recipe_Assistant/backend/src/[0m[32m[1magent.py[0m", line [33m464[0m, in [35m_persist_final_report[0m
    [1mnote_title[0m [35m[1m=[0m [36mf"[0m[36m研究报告：[0m[1m{[0m[1mstate[0m[35m[1m.[0m[1mresearch_topic[0m[1m}[0m[36m"[0m[35m[1m.[0m[1mstrip[0m[1m([0m[1m)[0m [35m[1mor[0m [36m"研究报告"[0m
    [36m                     └ [0m[36m[1mSummaryState(user_requirement='低脂不辣，现有食材 番茄 土豆', allergy_list=[], exist_ingredients=[], dish_list=[], all_search_context=[], ...[0m

[31m[1mAttributeError[0m:[1m 'SummaryState' object has no attribute 'research_topic'[0m
[32m2026-06-23 11:24:15[0m | [31m[1mERROR[0m | [36musing_function:event_iterator[0m | [36mmain.py:176[0m | [31m[1mStreaming research failed[0m
[33m[1mTraceback (most recent call last):[0m

  File "/Library/Frameworks/Python.framework/Versions/3.14/lib/python3.14/threading.py", line 1044, in _bootstrap
    self._bootstrap_inner()
    │    └ <function Thread._bootstrap_inner at 0x10c3fa560>
    └ <WorkerThread(AnyIO worker thread, started 123145371504640)>
  File "/Library/Frameworks/Python.framework/Versions/3.14/lib/python3.14/threading.py", line 1082, in _bootstrap_inner
    self._context.run(self.run)
    │    │        │   │    └ <function WorkerThread.run at 0x111effa00>
    │    │        │   └ <WorkerThread(AnyIO worker thread, started 123145371504640)>
    │    │        └ <method 'run' of '_contextvars.Context' objects>
    │    └ <_contextvars.Context object at 0x111eda900>
    └ <WorkerThread(AnyIO worker thread, started 123145371504640)>
  File "/Users/cammy/Documents/Cammy2026/AI Agent/hello-world/Smart_Recipe_Assistant/backend/.venv/lib/python3.14/site-packages/anyio/_backends/_asyncio.py", line 1029, in run
    result = context.run(func, *args)
             │       │   │      └ (<generator object create_app.<locals>.stream_research.<locals>.event_iterator at 0x111e73120>,)
             │       │   └ <function _next at 0x10e2a8bf0>
             │       └ <method 'run' of '_contextvars.Context' objects>
             └ <_contextvars.Context object at 0x112216640>
  File "/Users/cammy/Documents/Cammy2026/AI Agent/hello-world/Smart_Recipe_Assistant/backend/.venv/lib/python3.14/site-packages/starlette/concurrency.py", line 46, in _next
    return next(iterator)
                └ <generator object create_app.<locals>.stream_research.<locals>.event_iterator at 0x111e73120>

> File "[32m/Users/cammy/Documents/Cammy2026/AI Agent/hello-world/Smart_Recipe_Assistant/backend/src/[0m[32m[1mmain.py[0m", line [33m173[0m, in [35mevent_iterator[0m
    [35m[1mfor[0m [1mevent[0m [35m[1min[0m [1magent[0m[35m[1m.[0m[1mrun_stream[0m[1m([0m[1mpayload[0m[35m[1m.[0m[1mtopic[0m[1m)[0m[1m:[0m
    [36m    │        │     │          │       └ [0m[36m[1m'低脂不辣，现有食材 番茄 土豆'[0m
    [36m    │        │     │          └ [0m[36m[1mResearchRequest(topic='低脂不辣，现有食材 番茄 土豆', search_api=None)[0m
    [36m    │        │     └ [0m[36m[1m<function DeepResearchAgent.run_stream at 0x111921bc0>[0m
    [36m    │        └ [0m[36m[1m<agent.DeepResearchAgent object at 0x111e6f4d0>[0m
    [36m    └ [0m[36m[1m{'type': 'tool_call', 'event_id': 1, 'agent': '菜单撰写专家', 'tool': 'note', 'parameters': {'action': 'create', 'title': '完整菜谱套餐：低...[0m

  File "[32m/Users/cammy/Documents/Cammy2026/AI Agent/hello-world/Smart_Recipe_Assistant/backend/src/[0m[32m[1magent.py[0m", line [33m274[0m, in [35mrun_stream[0m
    [1mnote_event[0m [35m[1m=[0m [1mself[0m[35m[1m.[0m[1m_persist_final_report[0m[1m([0m[1mstate[0m[1m,[0m [1mreport[0m[1m)[0m
    [36m             │    │                     │      └ [0m[36m[1m'已成功创建完整菜谱套餐笔记，以下是完整的报告内容：\n\n```\n# 低脂不辣，现有食材 番茄 土豆 全套菜谱报告\n\n## 1. **用餐需求总览**\n- **原始需求**：用户希望制作一道低脂、不辣的家常菜，适合快手烹饪。\n- **饮食...[0m
    [36m             │    │                     └ [0m[36m[1mSummaryState(user_requirement='低脂不辣，现有食材 番茄 土豆', allergy_list=[], exist_ingredients=[], dish_list=[], all_search_context=[], ...[0m
    [36m             │    └ [0m[36m[1m<function DeepResearchAgent._persist_final_report at 0x1119222a0>[0m
    [36m             └ [0m[36m[1m<agent.DeepResearchAgent object at 0x111e6f4d0>[0m

  File "[32m/Users/cammy/Documents/Cammy2026/AI Agent/hello-world/Smart_Recipe_Assistant/backend/src/[0m[32m[1magent.py[0m", line [33m464[0m, in [35m_persist_final_report[0m
    [1mnote_title[0m [35m[1m=[0m [36mf"[0m[36m研究报告：[0m[1m{[0m[1mstate[0m[35m[1m.[0m[1mresearch_topic[0m[1m}[0m[36m"[0m[35m[1m.[0m[1mstrip[0m[1m([0m[1m)[0m [35m[1mor[0m [36m"研究报告"[0m
    [36m                     └ [0m[36m[1mSummaryState(user_requirement='低脂不辣，现有食材 番茄 土豆', allergy_list=[], exist_ingredients=[], dish_list=[], all_search_context=[], ...[0m

[31m[1mAttributeError[0m:[1m 'SummaryState' object has no attribute 'research_topic'[0m
[32m2026-06-23 11:24:45[0m | [31m[1mERROR[0m | [36musing_function:event_iterator[0m | [36mmain.py:176[0m | [31m[1mStreaming research failed[0m
[33m[1mTraceback (most recent call last):[0m

  File "/Library/Frameworks/Python.framework/Versions/3.14/lib/python3.14/threading.py", line 1044, in _bootstrap
    self._bootstrap_inner()
    │    └ <function Thread._bootstrap_inner at 0x1048d2560>
    └ <WorkerThread(AnyIO worker thread, started 123145324892160)>
  File "/Library/Frameworks/Python.framework/Versions/3.14/lib/python3.14/threading.py", line 1082, in _bootstrap_inner
    self._context.run(self.run)
    │    │        │   │    └ <function WorkerThread.run at 0x10e48bb60>
    │    │        │   └ <WorkerThread(AnyIO worker thread, started 123145324892160)>
    │    │        └ <method 'run' of '_contextvars.Context' objects>
    │    └ <_contextvars.Context object at 0x10e473cc0>
    └ <WorkerThread(AnyIO worker thread, started 123145324892160)>
  File "/Users/cammy/Documents/Cammy2026/AI Agent/hello-world/Smart_Recipe_Assistant/backend/.venv/lib/python3.14/site-packages/anyio/_backends/_asyncio.py", line 1029, in run
    result = context.run(func, *args)
             │       │   │      └ (<generator object create_app.<locals>.stream_research.<locals>.event_iterator at 0x10e40f120>,)
             │       │   └ <function _next at 0x106780bf0>
             │       └ <method 'run' of '_contextvars.Context' objects>
             └ <_contextvars.Context object at 0x10e48c980>
  File "/Users/cammy/Documents/Cammy2026/AI Agent/hello-world/Smart_Recipe_Assistant/backend/.venv/lib/python3.14/site-packages/starlette/concurrency.py", line 46, in _next
    return next(iterator)
                └ <generator object create_app.<locals>.stream_research.<locals>.event_iterator at 0x10e40f120>

> File "[32m/Users/cammy/Documents/Cammy2026/AI Agent/hello-world/Smart_Recipe_Assistant/backend/src/[0m[32m[1mmain.py[0m", line [33m173[0m, in [35mevent_iterator[0m
    [35m[1mfor[0m [1mevent[0m [35m[1min[0m [1magent[0m[35m[1m.[0m[1mrun_stream[0m[1m([0m[1mpayload[0m[35m[1m.[0m[1mtopic[0m[1m)[0m[1m:[0m
    [36m    │        │     │          │       └ [0m[36m[1m'低脂不辣，现有食材 番茄 土豆'[0m
    [36m    │        │     │          └ [0m[36m[1mResearchRequest(topic='低脂不辣，现有食材 番茄 土豆', search_api=None)[0m
    [36m    │        │     └ [0m[36m[1m<function DeepResearchAgent.run_stream at 0x109dedd20>[0m
    [36m    │        └ [0m[36m[1m<agent.DeepResearchAgent object at 0x10e4074d0>[0m
    [36m    └ [0m[36m[1m{'type': 'tool_call', 'event_id': 2, 'agent': '菜单撰写专家', 'tool': 'note', 'parameters': {'action': 'create', 'title': '完整菜谱套餐：低...[0m

  File "[32m/Users/cammy/Documents/Cammy2026/AI Agent/hello-world/Smart_Recipe_Assistant/backend/src/[0m[32m[1magent.py[0m", line [33m274[0m, in [35mrun_stream[0m
    [1mnote_event[0m [35m[1m=[0m [1mself[0m[35m[1m.[0m[1m_persist_final_report[0m[1m([0m[1mstate[0m[1m,[0m [1mreport[0m[1m)[0m
    [36m             │    │                     │      └ [0m[36m[1m'```markdown\n# 完整菜谱套餐：低脂不辣，现有食材 番茄 土豆\n\n## 1. **用餐需求总览**\n- **原始需求**：用户希望制作一道低脂、不辣的家常菜。\n- **忌口/过敏原**：暂无相关信息。\n- **用户冰箱现有食材...[0m
    [36m             │    │                     └ [0m[36m[1mSummaryState(user_requirement='低脂不辣，现有食材 番茄 土豆', allergy_list=[], exist_ingredients=[], dish_list=[], all_search_context=[], ...[0m
    [36m             │    └ [0m[36m[1m<function DeepResearchAgent._persist_final_report at 0x109dee400>[0m
    [36m             └ [0m[36m[1m<agent.DeepResearchAgent object at 0x10e4074d0>[0m

  File "[32m/Users/cammy/Documents/Cammy2026/AI Agent/hello-world/Smart_Recipe_Assistant/backend/src/[0m[32m[1magent.py[0m", line [33m464[0m, in [35m_persist_final_report[0m
    [1mnote_title[0m [35m[1m=[0m [36mf"[0m[36m研究报告：[0m[1m{[0m[1mstate[0m[35m[1m.[0m[1mresearch_topic[0m[1m}[0m[36m"[0m[35m[1m.[0m[1mstrip[0m[1m([0m[1m)[0m [35m[1mor[0m [36m"研究报告"[0m
    [36m                     └ [0m[36m[1mSummaryState(user_requirement='低脂不辣，现有食材 番茄 土豆', allergy_list=[], exist_ingredients=[], dish_list=[], all_search_context=[], ...[0m

[31m[1mAttributeError[0m:[1m 'SummaryState' object has no attribute 'research_topic'[0m
[32m2026-06-23 11:24:45[0m | [31m[1mERROR[0m | [36musing_function:event_iterator[0m | [36mmain.py:176[0m | [31m[1mStreaming research failed[0m
[33m[1mTraceback (most recent call last):[0m

  File "/Library/Frameworks/Python.framework/Versions/3.14/lib/python3.14/threading.py", line 1044, in _bootstrap
    self._bootstrap_inner()
    │    └ <function Thread._bootstrap_inner at 0x1048d2560>
    └ <WorkerThread(AnyIO worker thread, started 123145324892160)>
  File "/Library/Frameworks/Python.framework/Versions/3.14/lib/python3.14/threading.py", line 1082, in _bootstrap_inner
    self._context.run(self.run)
    │    │        │   │    └ <function WorkerThread.run at 0x10e48bb60>
    │    │        │   └ <WorkerThread(AnyIO worker thread, started 123145324892160)>
    │    │        └ <method 'run' of '_contextvars.Context' objects>
    │    └ <_contextvars.Context object at 0x10e473cc0>
    └ <WorkerThread(AnyIO worker thread, started 123145324892160)>
  File "/Users/cammy/Documents/Cammy2026/AI Agent/hello-world/Smart_Recipe_Assistant/backend/.venv/lib/python3.14/site-packages/anyio/_backends/_asyncio.py", line 1029, in run
    result = context.run(func, *args)
             │       │   │      └ (<generator object create_app.<locals>.stream_research.<locals>.event_iterator at 0x10e40f120>,)
             │       │   └ <function _next at 0x106780bf0>
             │       └ <method 'run' of '_contextvars.Context' objects>
             └ <_contextvars.Context object at 0x10e48c980>
  File "/Users/cammy/Documents/Cammy2026/AI Agent/hello-world/Smart_Recipe_Assistant/backend/.venv/lib/python3.14/site-packages/starlette/concurrency.py", line 46, in _next
    return next(iterator)
                └ <generator object create_app.<locals>.stream_research.<locals>.event_iterator at 0x10e40f120>

> File "[32m/Users/cammy/Documents/Cammy2026/AI Agent/hello-world/Smart_Recipe_Assistant/backend/src/[0m[32m[1mmain.py[0m", line [33m173[0m, in [35mevent_iterator[0m
    [35m[1mfor[0m [1mevent[0m [35m[1min[0m [1magent[0m[35m[1m.[0m[1mrun_stream[0m[1m([0m[1mpayload[0m[35m[1m.[0m[1mtopic[0m[1m)[0m[1m:[0m
    [36m    │        │     │          │       └ [0m[36m[1m'低脂不辣，现有食材 番茄 土豆'[0m
    [36m    │        │     │          └ [0m[36m[1mResearchRequest(topic='低脂不辣，现有食材 番茄 土豆', search_api=None)[0m
    [36m    │        │     └ [0m[36m[1m<function DeepResearchAgent.run_stream at 0x109dedd20>[0m
    [36m    │        └ [0m[36m[1m<agent.DeepResearchAgent object at 0x10e4074d0>[0m
    [36m    └ [0m[36m[1m{'type': 'tool_call', 'event_id': 2, 'agent': '菜单撰写专家', 'tool': 'note', 'parameters': {'action': 'create', 'title': '完整菜谱套餐：低...[0m

  File "[32m/Users/cammy/Documents/Cammy2026/AI Agent/hello-world/Smart_Recipe_Assistant/backend/src/[0m[32m[1magent.py[0m", line [33m274[0m, in [35mrun_stream[0m
    [1mnote_event[0m [35m[1m=[0m [1mself[0m[35m[1m.[0m[1m_persist_final_report[0m[1m([0m[1mstate[0m[1m,[0m [1mreport[0m[1m)[0m
    [36m             │    │                     │      └ [0m[36m[1m'```markdown\n# 完整菜谱套餐：低脂不辣，现有食材 番茄 土豆\n\n## 1. **用餐需求总览**\n- **原始需求**：用户希望制作一道低脂、不辣的家常菜。\n- **忌口/过敏原**：暂无相关信息。\n- **用户冰箱现有食材...[0m
    [36m             │    │                     └ [0m[36m[1mSummaryState(user_requirement='低脂不辣，现有食材 番茄 土豆', allergy_list=[], exist_ingredients=[], dish_list=[], all_search_context=[], ...[0m
    [36m             │    └ [0m[36m[1m<function DeepResearchAgent._persist_final_report at 0x109dee400>[0m
    [36m             └ [0m[36m[1m<agent.DeepResearchAgent object at 0x10e4074d0>[0m

  File "[32m/Users/cammy/Documents/Cammy2026/AI Agent/hello-world/Smart_Recipe_Assistant/backend/src/[0m[32m[1magent.py[0m", line [33m464[0m, in [35m_persist_final_report[0m
    [1mnote_title[0m [35m[1m=[0m [36mf"[0m[36m研究报告：[0m[1m{[0m[1mstate[0m[35m[1m.[0m[1mresearch_topic[0m[1m}[0m[36m"[0m[35m[1m.[0m[1mstrip[0m[1m([0m[1m)[0m [35m[1mor[0m [36m"研究报告"[0m
    [36m                     └ [0m[36m[1mSummaryState(user_requirement='低脂不辣，现有食材 番茄 土豆', allergy_list=[], exist_ingredients=[], dish_list=[], all_search_context=[], ...[0m

[31m[1mAttributeError[0m:[1m 'SummaryState' object has no attribute 'research_topic'[0m
[32m2026-06-23 11:25:52[0m | [31m[1mERROR[0m | [36musing_function:event_iterator[0m | [36mmain.py:176[0m | [31m[1mStreaming research failed[0m
[33m[1mTraceback (most recent call last):[0m

  File "/Library/Frameworks/Python.framework/Versions/3.14/lib/python3.14/threading.py", line 1044, in _bootstrap
    self._bootstrap_inner()
    │    └ <function Thread._bootstrap_inner at 0x10b40a560>
    └ <WorkerThread(AnyIO worker thread, started 123145519288320)>
  File "/Library/Frameworks/Python.framework/Versions/3.14/lib/python3.14/threading.py", line 1082, in _bootstrap_inner
    self._context.run(self.run)
    │    │        │   │    └ <function WorkerThread.run at 0x110f5bb60>
    │    │        │   └ <WorkerThread(AnyIO worker thread, started 123145519288320)>
    │    │        └ <method 'run' of '_contextvars.Context' objects>
    │    └ <_contextvars.Context object at 0x11502af40>
    └ <WorkerThread(AnyIO worker thread, started 123145519288320)>
  File "/Users/cammy/Documents/Cammy2026/AI Agent/hello-world/Smart_Recipe_Assistant/backend/.venv/lib/python3.14/site-packages/anyio/_backends/_asyncio.py", line 1029, in run
    result = context.run(func, *args)
             │       │   │      └ (<generator object create_app.<locals>.stream_research.<locals>.event_iterator at 0x110edb120>,)
             │       │   └ <function _next at 0x10d2a4bf0>
             │       └ <method 'run' of '_contextvars.Context' objects>
             └ <_contextvars.Context object at 0x110f54580>
  File "/Users/cammy/Documents/Cammy2026/AI Agent/hello-world/Smart_Recipe_Assistant/backend/.venv/lib/python3.14/site-packages/starlette/concurrency.py", line 46, in _next
    return next(iterator)
                └ <generator object create_app.<locals>.stream_research.<locals>.event_iterator at 0x110edb120>

> File "[32m/Users/cammy/Documents/Cammy2026/AI Agent/hello-world/Smart_Recipe_Assistant/backend/src/[0m[32m[1mmain.py[0m", line [33m173[0m, in [35mevent_iterator[0m
    [35m[1mfor[0m [1mevent[0m [35m[1min[0m [1magent[0m[35m[1m.[0m[1mrun_stream[0m[1m([0m[1mpayload[0m[35m[1m.[0m[1mtopic[0m[1m)[0m[1m:[0m
    [36m    │        │     │          │       └ [0m[36m[1m'低脂不辣，现有食材 番茄 土豆'[0m
    [36m    │        │     │          └ [0m[36m[1mResearchRequest(topic='低脂不辣，现有食材 番茄 土豆', search_api=None)[0m
    [36m    │        │     └ [0m[36m[1m<function DeepResearchAgent.run_stream at 0x110a59d20>[0m
    [36m    │        └ [0m[36m[1m<agent.DeepResearchAgent object at 0x110ed34d0>[0m
    [36m    └ [0m[36m[1m{'type': 'tool_call', 'event_id': 2, 'agent': '菜单撰写专家', 'tool': 'note', 'parameters': {'action': 'create', 'title': '完整菜谱套餐：低...[0m

  File "[32m/Users/cammy/Documents/Cammy2026/AI Agent/hello-world/Smart_Recipe_Assistant/backend/src/[0m[32m[1magent.py[0m", line [33m274[0m, in [35mrun_stream[0m
    [1mnote_event[0m [35m[1m=[0m [1mself[0m[35m[1m.[0m[1m_persist_final_report[0m[1m([0m[1mstate[0m[1m,[0m [1mreport[0m[1m)[0m
    [36m             │    │                     │      └ [0m[36m[1m'```markdown\n# 低脂不辣，现有食材 番茄 土豆\n\n## 1. **用餐需求总览**\n- **用户原始需求**：低脂、不辣的家常菜，适合快手烹饪。\n- **忌口/过敏原**：暂无相关信息。\n- **用户冰箱现有食材**：番茄、...[0m
    [36m             │    │                     └ [0m[36m[1mSummaryState(user_requirement='低脂不辣，现有食材 番茄 土豆', allergy_list=[], exist_ingredients=[], dish_list=[], all_search_context=[], ...[0m
    [36m             │    └ [0m[36m[1m<function DeepResearchAgent._persist_final_report at 0x110a5a400>[0m
    [36m             └ [0m[36m[1m<agent.DeepResearchAgent object at 0x110ed34d0>[0m

  File "[32m/Users/cammy/Documents/Cammy2026/AI Agent/hello-world/Smart_Recipe_Assistant/backend/src/[0m[32m[1magent.py[0m", line [33m468[0m, in [35m_persist_final_report[0m
    [1mnote_id[0m [35m[1m=[0m [1mself[0m[35m[1m.[0m[1m_find_existing_report_note_id[0m[1m([0m[1mstate[0m[1m)[0m
    [36m          │    │                             └ [0m[36m[1mSummaryState(user_requirement='低脂不辣，现有食材 番茄 土豆', allergy_list=[], exist_ingredients=[], dish_list=[], all_search_context=[], ...[0m
    [36m          │    └ [0m[36m[1m<function DeepResearchAgent._find_existing_report_note_id at 0x110a5a560>[0m
    [36m          └ [0m[36m[1m<agent.DeepResearchAgent object at 0x110ed34d0>[0m

  File "[32m/Users/cammy/Documents/Cammy2026/AI Agent/hello-world/Smart_Recipe_Assistant/backend/src/[0m[32m[1magent.py[0m", line [33m519[0m, in [35m_find_existing_report_note_id[0m
    [35m[1mif[0m [1mstate[0m[35m[1m.[0m[1mreport_note_id[0m[1m:[0m
    [36m   └ [0m[36m[1mSummaryState(user_requirement='低脂不辣，现有食材 番茄 土豆', allergy_list=[], exist_ingredients=[], dish_list=[], all_search_context=[], ...[0m

[31m[1mAttributeError[0m:[1m 'SummaryState' object has no attribute 'report_note_id'[0m
[32m2026-06-23 11:25:52[0m | [31m[1mERROR[0m | [36musing_function:event_iterator[0m | [36mmain.py:176[0m | [31m[1mStreaming research failed[0m
[33m[1mTraceback (most recent call last):[0m

  File "/Library/Frameworks/Python.framework/Versions/3.14/lib/python3.14/threading.py", line 1044, in _bootstrap
    self._bootstrap_inner()
    │    └ <function Thread._bootstrap_inner at 0x10b40a560>
    └ <WorkerThread(AnyIO worker thread, started 123145519288320)>
  File "/Library/Frameworks/Python.framework/Versions/3.14/lib/python3.14/threading.py", line 1082, in _bootstrap_inner
    self._context.run(self.run)
    │    │        │   │    └ <function WorkerThread.run at 0x110f5bb60>
    │    │        │   └ <WorkerThread(AnyIO worker thread, started 123145519288320)>
    │    │        └ <method 'run' of '_contextvars.Context' objects>
    │    └ <_contextvars.Context object at 0x11502af40>
    └ <WorkerThread(AnyIO worker thread, started 123145519288320)>
  File "/Users/cammy/Documents/Cammy2026/AI Agent/hello-world/Smart_Recipe_Assistant/backend/.venv/lib/python3.14/site-packages/anyio/_backends/_asyncio.py", line 1029, in run
    result = context.run(func, *args)
             │       │   │      └ (<generator object create_app.<locals>.stream_research.<locals>.event_iterator at 0x110edb120>,)
             │       │   └ <function _next at 0x10d2a4bf0>
             │       └ <method 'run' of '_contextvars.Context' objects>
             └ <_contextvars.Context object at 0x110f54580>
  File "/Users/cammy/Documents/Cammy2026/AI Agent/hello-world/Smart_Recipe_Assistant/backend/.venv/lib/python3.14/site-packages/starlette/concurrency.py", line 46, in _next
    return next(iterator)
                └ <generator object create_app.<locals>.stream_research.<locals>.event_iterator at 0x110edb120>

> File "[32m/Users/cammy/Documents/Cammy2026/AI Agent/hello-world/Smart_Recipe_Assistant/backend/src/[0m[32m[1mmain.py[0m", line [33m173[0m, in [35mevent_iterator[0m
    [35m[1mfor[0m [1mevent[0m [35m[1min[0m [1magent[0m[35m[1m.[0m[1mrun_stream[0m[1m([0m[1mpayload[0m[35m[1m.[0m[1mtopic[0m[1m)[0m[1m:[0m
    [36m    │        │     │          │       └ [0m[36m[1m'低脂不辣，现有食材 番茄 土豆'[0m
    [36m    │        │     │          └ [0m[36m[1mResearchRequest(topic='低脂不辣，现有食材 番茄 土豆', search_api=None)[0m
    [36m    │        │     └ [0m[36m[1m<function DeepResearchAgent.run_stream at 0x110a59d20>[0m
    [36m    │        └ [0m[36m[1m<agent.DeepResearchAgent object at 0x110ed34d0>[0m
    [36m    └ [0m[36m[1m{'type': 'tool_call', 'event_id': 2, 'agent': '菜单撰写专家', 'tool': 'note', 'parameters': {'action': 'create', 'title': '完整菜谱套餐：低...[0m

  File "[32m/Users/cammy/Documents/Cammy2026/AI Agent/hello-world/Smart_Recipe_Assistant/backend/src/[0m[32m[1magent.py[0m", line [33m274[0m, in [35mrun_stream[0m
    [1mnote_event[0m [35m[1m=[0m [1mself[0m[35m[1m.[0m[1m_persist_final_report[0m[1m([0m[1mstate[0m[1m,[0m [1mreport[0m[1m)[0m
    [36m             │    │                     │      └ [0m[36m[1m'```markdown\n# 低脂不辣，现有食材 番茄 土豆\n\n## 1. **用餐需求总览**\n- **用户原始需求**：低脂、不辣的家常菜，适合快手烹饪。\n- **忌口/过敏原**：暂无相关信息。\n- **用户冰箱现有食材**：番茄、...[0m
    [36m             │    │                     └ [0m[36m[1mSummaryState(user_requirement='低脂不辣，现有食材 番茄 土豆', allergy_list=[], exist_ingredients=[], dish_list=[], all_search_context=[], ...[0m
    [36m             │    └ [0m[36m[1m<function DeepResearchAgent._persist_final_report at 0x110a5a400>[0m
    [36m             └ [0m[36m[1m<agent.DeepResearchAgent object at 0x110ed34d0>[0m

  File "[32m/Users/cammy/Documents/Cammy2026/AI Agent/hello-world/Smart_Recipe_Assistant/backend/src/[0m[32m[1magent.py[0m", line [33m468[0m, in [35m_persist_final_report[0m
    [1mnote_id[0m [35m[1m=[0m [1mself[0m[35m[1m.[0m[1m_find_existing_report_note_id[0m[1m([0m[1mstate[0m[1m)[0m
    [36m          │    │                             └ [0m[36m[1mSummaryState(user_requirement='低脂不辣，现有食材 番茄 土豆', allergy_list=[], exist_ingredients=[], dish_list=[], all_search_context=[], ...[0m
    [36m          │    └ [0m[36m[1m<function DeepResearchAgent._find_existing_report_note_id at 0x110a5a560>[0m
    [36m          └ [0m[36m[1m<agent.DeepResearchAgent object at 0x110ed34d0>[0m

  File "[32m/Users/cammy/Documents/Cammy2026/AI Agent/hello-world/Smart_Recipe_Assistant/backend/src/[0m[32m[1magent.py[0m", line [33m519[0m, in [35m_find_existing_report_note_id[0m
    [35m[1mif[0m [1mstate[0m[35m[1m.[0m[1mreport_note_id[0m[1m:[0m
    [36m   └ [0m[36m[1mSummaryState(user_requirement='低脂不辣，现有食材 番茄 土豆', allergy_list=[], exist_ingredients=[], dish_list=[], all_search_context=[], ...[0m

[31m[1mAttributeError[0m:[1m 'SummaryState' object has no attribute 'report_note_id'[0m
[32m2026-06-23 11:26:59[0m | [31m[1mERROR[0m | [36musing_function:event_iterator[0m | [36mmain.py:176[0m | [31m[1mStreaming research failed[0m
[33m[1mTraceback (most recent call last):[0m

  File "/Library/Frameworks/Python.framework/Versions/3.14/lib/python3.14/threading.py", line 1044, in _bootstrap
    self._bootstrap_inner()
    │    └ <function Thread._bootstrap_inner at 0x10e262560>
    └ <WorkerThread(AnyIO worker thread, started 123145458667520)>
  File "/Library/Frameworks/Python.framework/Versions/3.14/lib/python3.14/threading.py", line 1082, in _bootstrap_inner
    self._context.run(self.run)
    │    │        │   │    └ <function WorkerThread.run at 0x117f7bab0>
    │    │        │   └ <WorkerThread(AnyIO worker thread, started 123145458667520)>
    │    │        └ <method 'run' of '_contextvars.Context' objects>
    │    └ <_contextvars.Context object at 0x117c3c180>
    └ <WorkerThread(AnyIO worker thread, started 123145458667520)>
  File "/Users/cammy/Documents/Cammy2026/AI Agent/hello-world/Smart_Recipe_Assistant/backend/.venv/lib/python3.14/site-packages/anyio/_backends/_asyncio.py", line 1029, in run
    result = context.run(func, *args)
             │       │   │      └ (<generator object create_app.<locals>.stream_research.<locals>.event_iterator at 0x117ef3120>,)
             │       │   └ <function _next at 0x1100fcbf0>
             │       └ <method 'run' of '_contextvars.Context' objects>
             └ <_contextvars.Context object at 0x117f74740>
  File "/Users/cammy/Documents/Cammy2026/AI Agent/hello-world/Smart_Recipe_Assistant/backend/.venv/lib/python3.14/site-packages/starlette/concurrency.py", line 46, in _next
    return next(iterator)
                └ <generator object create_app.<locals>.stream_research.<locals>.event_iterator at 0x117ef3120>

> File "[32m/Users/cammy/Documents/Cammy2026/AI Agent/hello-world/Smart_Recipe_Assistant/backend/src/[0m[32m[1mmain.py[0m", line [33m173[0m, in [35mevent_iterator[0m
    [35m[1mfor[0m [1mevent[0m [35m[1min[0m [1magent[0m[35m[1m.[0m[1mrun_stream[0m[1m([0m[1mpayload[0m[35m[1m.[0m[1mtopic[0m[1m)[0m[1m:[0m
    [36m    │        │     │          │       └ [0m[36m[1m'低脂不辣，现有食材 番茄 土豆'[0m
    [36m    │        │     │          └ [0m[36m[1mResearchRequest(topic='低脂不辣，现有食材 番茄 土豆', search_api=None)[0m
    [36m    │        │     └ [0m[36m[1m<function DeepResearchAgent.run_stream at 0x1179a9bc0>[0m
    [36m    │        └ [0m[36m[1m<agent.DeepResearchAgent object at 0x117eef620>[0m
    [36m    └ [0m[36m[1m{'type': 'tool_call', 'event_id': 3, 'agent': '菜单撰写专家', 'tool': 'note', 'parameters': {'action': 'create', 'title': '完整菜谱套餐：低...[0m

  File "[32m/Users/cammy/Documents/Cammy2026/AI Agent/hello-world/Smart_Recipe_Assistant/backend/src/[0m[32m[1magent.py[0m", line [33m274[0m, in [35mrun_stream[0m
    [1mnote_event[0m [35m[1m=[0m [1mself[0m[35m[1m.[0m[1m_persist_final_report[0m[1m([0m[1mstate[0m[1m,[0m [1mreport[0m[1m)[0m
    [36m             │    │                     │      └ [0m[36m[1m'```markdown\n# 研究报告：低脂不辣，现有食材 番茄 土豆\n\n## 1. **用餐需求总览**\n- **原始需求**：用户希望制作一道低脂、不辣的家常菜。\n- **忌口/过敏原**：暂无相关信息。\n- **用户冰箱现有食材**...[0m
    [36m             │    │                     └ [0m[36m[1mSummaryState(user_requirement='低脂不辣，现有食材 番茄 土豆', allergy_list=[], exist_ingredients=[], dish_list=[], all_search_context=[], ...[0m
    [36m             │    └ [0m[36m[1m<function DeepResearchAgent._persist_final_report at 0x1179aa2a0>[0m
    [36m             └ [0m[36m[1m<agent.DeepResearchAgent object at 0x117eef620>[0m

  File "[32m/Users/cammy/Documents/Cammy2026/AI Agent/hello-world/Smart_Recipe_Assistant/backend/src/[0m[32m[1magent.py[0m", line [33m468[0m, in [35m_persist_final_report[0m
    [1mnote_id[0m [35m[1m=[0m [1mself[0m[35m[1m.[0m[1m_find_existing_report_note_id[0m[1m([0m[1mstate[0m[1m)[0m
    [36m          │    │                             └ [0m[36m[1mSummaryState(user_requirement='低脂不辣，现有食材 番茄 土豆', allergy_list=[], exist_ingredients=[], dish_list=[], all_search_context=[], ...[0m
    [36m          │    └ [0m[36m[1m<function DeepResearchAgent._find_existing_report_note_id at 0x1179aa400>[0m
    [36m          └ [0m[36m[1m<agent.DeepResearchAgent object at 0x117eef620>[0m

  File "[32m/Users/cammy/Documents/Cammy2026/AI Agent/hello-world/Smart_Recipe_Assistant/backend/src/[0m[32m[1magent.py[0m", line [33m519[0m, in [35m_find_existing_report_note_id[0m
    [35m[1mif[0m [1mstate[0m[35m[1m.[0m[1mreport_note_id[0m[1m:[0m
    [36m   └ [0m[36m[1mSummaryState(user_requirement='低脂不辣，现有食材 番茄 土豆', allergy_list=[], exist_ingredients=[], dish_list=[], all_search_context=[], ...[0m

[31m[1mAttributeError[0m:[1m 'SummaryState' object has no attribute 'report_note_id'[0m
[32m2026-06-23 11:26:59[0m | [31m[1mERROR[0m | [36musing_function:event_iterator[0m | [36mmain.py:176[0m | [31m[1mStreaming research failed[0m
[33m[1mTraceback (most recent call last):[0m

  File "/Library/Frameworks/Python.framework/Versions/3.14/lib/python3.14/threading.py", line 1044, in _bootstrap
    self._bootstrap_inner()
    │    └ <function Thread._bootstrap_inner at 0x10e262560>
    └ <WorkerThread(AnyIO worker thread, started 123145458667520)>
  File "/Library/Frameworks/Python.framework/Versions/3.14/lib/python3.14/threading.py", line 1082, in _bootstrap_inner
    self._context.run(self.run)
    │    │        │   │    └ <function WorkerThread.run at 0x117f7bab0>
    │    │        │   └ <WorkerThread(AnyIO worker thread, started 123145458667520)>
    │    │        └ <method 'run' of '_contextvars.Context' objects>
    │    └ <_contextvars.Context object at 0x117c3c180>
    └ <WorkerThread(AnyIO worker thread, started 123145458667520)>
  File "/Users/cammy/Documents/Cammy2026/AI Agent/hello-world/Smart_Recipe_Assistant/backend/.venv/lib/python3.14/site-packages/anyio/_backends/_asyncio.py", line 1029, in run
    result = context.run(func, *args)
             │       │   │      └ (<generator object create_app.<locals>.stream_research.<locals>.event_iterator at 0x117ef3120>,)
             │       │   └ <function _next at 0x1100fcbf0>
             │       └ <method 'run' of '_contextvars.Context' objects>
             └ <_contextvars.Context object at 0x117f74740>
  File "/Users/cammy/Documents/Cammy2026/AI Agent/hello-world/Smart_Recipe_Assistant/backend/.venv/lib/python3.14/site-packages/starlette/concurrency.py", line 46, in _next
    return next(iterator)
                └ <generator object create_app.<locals>.stream_research.<locals>.event_iterator at 0x117ef3120>

> File "[32m/Users/cammy/Documents/Cammy2026/AI Agent/hello-world/Smart_Recipe_Assistant/backend/src/[0m[32m[1mmain.py[0m", line [33m173[0m, in [35mevent_iterator[0m
    [35m[1mfor[0m [1mevent[0m [35m[1min[0m [1magent[0m[35m[1m.[0m[1mrun_stream[0m[1m([0m[1mpayload[0m[35m[1m.[0m[1mtopic[0m[1m)[0m[1m:[0m
    [36m    │        │     │          │       └ [0m[36m[1m'低脂不辣，现有食材 番茄 土豆'[0m
    [36m    │        │     │          └ [0m[36m[1mResearchRequest(topic='低脂不辣，现有食材 番茄 土豆', search_api=None)[0m
    [36m    │        │     └ [0m[36m[1m<function DeepResearchAgent.run_stream at 0x1179a9bc0>[0m
    [36m    │        └ [0m[36m[1m<agent.DeepResearchAgent object at 0x117eef620>[0m
    [36m    └ [0m[36m[1m{'type': 'tool_call', 'event_id': 3, 'agent': '菜单撰写专家', 'tool': 'note', 'parameters': {'action': 'create', 'title': '完整菜谱套餐：低...[0m

  File "[32m/Users/cammy/Documents/Cammy2026/AI Agent/hello-world/Smart_Recipe_Assistant/backend/src/[0m[32m[1magent.py[0m", line [33m274[0m, in [35mrun_stream[0m
    [1mnote_event[0m [35m[1m=[0m [1mself[0m[35m[1m.[0m[1m_persist_final_report[0m[1m([0m[1mstate[0m[1m,[0m [1mreport[0m[1m)[0m
    [36m             │    │                     │      └ [0m[36m[1m'```markdown\n# 研究报告：低脂不辣，现有食材 番茄 土豆\n\n## 1. **用餐需求总览**\n- **原始需求**：用户希望制作一道低脂、不辣的家常菜。\n- **忌口/过敏原**：暂无相关信息。\n- **用户冰箱现有食材**...[0m
    [36m             │    │                     └ [0m[36m[1mSummaryState(user_requirement='低脂不辣，现有食材 番茄 土豆', allergy_list=[], exist_ingredients=[], dish_list=[], all_search_context=[], ...[0m
    [36m             │    └ [0m[36m[1m<function DeepResearchAgent._persist_final_report at 0x1179aa2a0>[0m
    [36m             └ [0m[36m[1m<agent.DeepResearchAgent object at 0x117eef620>[0m

  File "[32m/Users/cammy/Documents/Cammy2026/AI Agent/hello-world/Smart_Recipe_Assistant/backend/src/[0m[32m[1magent.py[0m", line [33m468[0m, in [35m_persist_final_report[0m
    [1mnote_id[0m [35m[1m=[0m [1mself[0m[35m[1m.[0m[1m_find_existing_report_note_id[0m[1m([0m[1mstate[0m[1m)[0m
    [36m          │    │                             └ [0m[36m[1mSummaryState(user_requirement='低脂不辣，现有食材 番茄 土豆', allergy_list=[], exist_ingredients=[], dish_list=[], all_search_context=[], ...[0m
    [36m          │    └ [0m[36m[1m<function DeepResearchAgent._find_existing_report_note_id at 0x1179aa400>[0m
    [36m          └ [0m[36m[1m<agent.DeepResearchAgent object at 0x117eef620>[0m

  File "[32m/Users/cammy/Documents/Cammy2026/AI Agent/hello-world/Smart_Recipe_Assistant/backend/src/[0m[32m[1magent.py[0m", line [33m519[0m, in [35m_find_existing_report_note_id[0m
    [35m[1mif[0m [1mstate[0m[35m[1m.[0m[1mreport_note_id[0m[1m:[0m
    [36m   └ [0m[36m[1mSummaryState(user_requirement='低脂不辣，现有食材 番茄 土豆', allergy_list=[], exist_ingredients=[], dish_list=[], all_search_context=[], ...[0m

[31m[1mAttributeError[0m:[1m 'SummaryState' object has no attribute 'report_note_id'[0m
[32m2026-06-23 15:06:37[0m | [31m[1mERROR[0m | [36musing_function:event_iterator[0m | [36mmain.py:176[0m | [31m[1mStreaming research failed[0m
[33m[1mTraceback (most recent call last):[0m

  File "/Library/Frameworks/Python.framework/Versions/3.14/lib/python3.14/threading.py", line 1044, in _bootstrap
    self._bootstrap_inner()
    │    └ <function Thread._bootstrap_inner at 0x109106560>
    └ <WorkerThread(AnyIO worker thread, started 123145493692416)>
  File "/Library/Frameworks/Python.framework/Versions/3.14/lib/python3.14/threading.py", line 1082, in _bootstrap_inner
    self._context.run(self.run)
    │    │        │   │    └ <function WorkerThread.run at 0x112d37ab0>
    │    │        │   └ <WorkerThread(AnyIO worker thread, started 123145493692416)>
    │    │        └ <method 'run' of '_contextvars.Context' objects>
    │    └ <_contextvars.Context object at 0x112d13340>
    └ <WorkerThread(AnyIO worker thread, started 123145493692416)>
  File "/Users/cammy/Documents/Cammy2026/AI Agent/hello-world/Smart_Recipe_Assistant/backend/.venv/lib/python3.14/site-packages/anyio/_backends/_asyncio.py", line 1029, in run
    result = context.run(func, *args)
             │       │   │      └ (<generator object create_app.<locals>.stream_research.<locals>.event_iterator at 0x112cabef0>,)
             │       │   └ <function _next at 0x10afacbf0>
             │       └ <method 'run' of '_contextvars.Context' objects>
             └ <_contextvars.Context object at 0x112d28ec0>
  File "/Users/cammy/Documents/Cammy2026/AI Agent/hello-world/Smart_Recipe_Assistant/backend/.venv/lib/python3.14/site-packages/starlette/concurrency.py", line 46, in _next
    return next(iterator)
                └ <generator object create_app.<locals>.stream_research.<locals>.event_iterator at 0x112cabef0>

> File "[32m/Users/cammy/Documents/Cammy2026/AI Agent/hello-world/Smart_Recipe_Assistant/backend/src/[0m[32m[1mmain.py[0m", line [33m173[0m, in [35mevent_iterator[0m
    [35m[1mfor[0m [1mevent[0m [35m[1min[0m [1magent[0m[35m[1m.[0m[1mrun_stream[0m[1m([0m[1mpayload[0m[35m[1m.[0m[1mtopic[0m[1m)[0m[1m:[0m
    [36m    │        │     │          │       └ [0m[36m[1m'低脂不辣，现有食材 番茄 土豆'[0m
    [36m    │        │     │          └ [0m[36m[1mResearchRequest(topic='低脂不辣，现有食材 番茄 土豆', search_api=None)[0m
    [36m    │        │     └ [0m[36m[1m<function DeepResearchAgent.run_stream at 0x10e74dbc0>[0m
    [36m    │        └ [0m[36m[1m<agent.DeepResearchAgent object at 0x112c9f380>[0m
    [36m    └ [0m[36m[1m{'type': 'tool_call', 'event_id': 2, 'agent': '菜单撰写专家', 'tool': 'note', 'parameters': {'action': 'create', 'title': '完整菜谱套餐：用...[0m

  File "[32m/Users/cammy/Documents/Cammy2026/AI Agent/hello-world/Smart_Recipe_Assistant/backend/src/[0m[32m[1magent.py[0m", line [33m274[0m, in [35mrun_stream[0m
    [1mnote_event[0m [35m[1m=[0m [1mself[0m[35m[1m.[0m[1m_persist_final_report[0m[1m([0m[1mstate[0m[1m,[0m [1mreport[0m[1m)[0m
    [36m             │    │                     │      └ [0m[36m[1m'已成功创建完整菜谱套餐笔记，以下是完整的菜谱内容：\n\n```markdown\n# 用餐需求总览\n\n- **用户原始需求**：低脂不辣\n- **识别忌口/过敏原**：暂无相关信息\n- **用户冰箱现有食材**：番茄、土豆\n- **整体...[0m
    [36m             │    │                     └ [0m[36m[1mSummaryState(user_requirement='低脂不辣，现有食材 番茄 土豆', allergy_list=[], exist_ingredients=[], dish_list=[], all_search_context=[], ...[0m
    [36m             │    └ [0m[36m[1m<function DeepResearchAgent._persist_final_report at 0x10e74e2a0>[0m
    [36m             └ [0m[36m[1m<agent.DeepResearchAgent object at 0x112c9f380>[0m

  File "[32m/Users/cammy/Documents/Cammy2026/AI Agent/hello-world/Smart_Recipe_Assistant/backend/src/[0m[32m[1magent.py[0m", line [33m468[0m, in [35m_persist_final_report[0m
    [1mnote_id[0m [35m[1m=[0m [1mself[0m[35m[1m.[0m[1m_find_existing_report_note_id[0m[1m([0m[1mstate[0m[1m)[0m
    [36m          │    │                             └ [0m[36m[1mSummaryState(user_requirement='低脂不辣，现有食材 番茄 土豆', allergy_list=[], exist_ingredients=[], dish_list=[], all_search_context=[], ...[0m
    [36m          │    └ [0m[36m[1m<function DeepResearchAgent._find_existing_report_note_id at 0x10e74e400>[0m
    [36m          └ [0m[36m[1m<agent.DeepResearchAgent object at 0x112c9f380>[0m

  File "[32m/Users/cammy/Documents/Cammy2026/AI Agent/hello-world/Smart_Recipe_Assistant/backend/src/[0m[32m[1magent.py[0m", line [33m519[0m, in [35m_find_existing_report_note_id[0m
    [35m[1mif[0m [1mstate[0m[35m[1m.[0m[1mreport_note_id[0m[1m:[0m
    [36m   └ [0m[36m[1mSummaryState(user_requirement='低脂不辣，现有食材 番茄 土豆', allergy_list=[], exist_ingredients=[], dish_list=[], all_search_context=[], ...[0m

[31m[1mAttributeError[0m:[1m 'SummaryState' object has no attribute 'report_note_id'[0m
[32m2026-06-23 15:06:37[0m | [31m[1mERROR[0m | [36musing_function:event_iterator[0m | [36mmain.py:176[0m | [31m[1mStreaming research failed[0m
[33m[1mTraceback (most recent call last):[0m

  File "/Library/Frameworks/Python.framework/Versions/3.14/lib/python3.14/threading.py", line 1044, in _bootstrap
    self._bootstrap_inner()
    │    └ <function Thread._bootstrap_inner at 0x109106560>
    └ <WorkerThread(AnyIO worker thread, started 123145493692416)>
  File "/Library/Frameworks/Python.framework/Versions/3.14/lib/python3.14/threading.py", line 1082, in _bootstrap_inner
    self._context.run(self.run)
    │    │        │   │    └ <function WorkerThread.run at 0x112d37ab0>
    │    │        │   └ <WorkerThread(AnyIO worker thread, started 123145493692416)>
    │    │        └ <method 'run' of '_contextvars.Context' objects>
    │    └ <_contextvars.Context object at 0x112d13340>
    └ <WorkerThread(AnyIO worker thread, started 123145493692416)>
  File "/Users/cammy/Documents/Cammy2026/AI Agent/hello-world/Smart_Recipe_Assistant/backend/.venv/lib/python3.14/site-packages/anyio/_backends/_asyncio.py", line 1029, in run
    result = context.run(func, *args)
             │       │   │      └ (<generator object create_app.<locals>.stream_research.<locals>.event_iterator at 0x112cabef0>,)
             │       │   └ <function _next at 0x10afacbf0>
             │       └ <method 'run' of '_contextvars.Context' objects>
             └ <_contextvars.Context object at 0x112d28ec0>
  File "/Users/cammy/Documents/Cammy2026/AI Agent/hello-world/Smart_Recipe_Assistant/backend/.venv/lib/python3.14/site-packages/starlette/concurrency.py", line 46, in _next
    return next(iterator)
                └ <generator object create_app.<locals>.stream_research.<locals>.event_iterator at 0x112cabef0>

> File "[32m/Users/cammy/Documents/Cammy2026/AI Agent/hello-world/Smart_Recipe_Assistant/backend/src/[0m[32m[1mmain.py[0m", line [33m173[0m, in [35mevent_iterator[0m
    [35m[1mfor[0m [1mevent[0m [35m[1min[0m [1magent[0m[35m[1m.[0m[1mrun_stream[0m[1m([0m[1mpayload[0m[35m[1m.[0m[1mtopic[0m[1m)[0m[1m:[0m
    [36m    │        │     │          │       └ [0m[36m[1m'低脂不辣，现有食材 番茄 土豆'[0m
    [36m    │        │     │          └ [0m[36m[1mResearchRequest(topic='低脂不辣，现有食材 番茄 土豆', search_api=None)[0m
    [36m    │        │     └ [0m[36m[1m<function DeepResearchAgent.run_stream at 0x10e74dbc0>[0m
    [36m    │        └ [0m[36m[1m<agent.DeepResearchAgent object at 0x112c9f380>[0m
    [36m    └ [0m[36m[1m{'type': 'tool_call', 'event_id': 2, 'agent': '菜单撰写专家', 'tool': 'note', 'parameters': {'action': 'create', 'title': '完整菜谱套餐：用...[0m

  File "[32m/Users/cammy/Documents/Cammy2026/AI Agent/hello-world/Smart_Recipe_Assistant/backend/src/[0m[32m[1magent.py[0m", line [33m274[0m, in [35mrun_stream[0m
    [1mnote_event[0m [35m[1m=[0m [1mself[0m[35m[1m.[0m[1m_persist_final_report[0m[1m([0m[1mstate[0m[1m,[0m [1mreport[0m[1m)[0m
    [36m             │    │                     │      └ [0m[36m[1m'已成功创建完整菜谱套餐笔记，以下是完整的菜谱内容：\n\n```markdown\n# 用餐需求总览\n\n- **用户原始需求**：低脂不辣\n- **识别忌口/过敏原**：暂无相关信息\n- **用户冰箱现有食材**：番茄、土豆\n- **整体...[0m
    [36m             │    │                     └ [0m[36m[1mSummaryState(user_requirement='低脂不辣，现有食材 番茄 土豆', allergy_list=[], exist_ingredients=[], dish_list=[], all_search_context=[], ...[0m
    [36m             │    └ [0m[36m[1m<function DeepResearchAgent._persist_final_report at 0x10e74e2a0>[0m
    [36m             └ [0m[36m[1m<agent.DeepResearchAgent object at 0x112c9f380>[0m

  File "[32m/Users/cammy/Documents/Cammy2026/AI Agent/hello-world/Smart_Recipe_Assistant/backend/src/[0m[32m[1magent.py[0m", line [33m468[0m, in [35m_persist_final_report[0m
    [1mnote_id[0m [35m[1m=[0m [1mself[0m[35m[1m.[0m[1m_find_existing_report_note_id[0m[1m([0m[1mstate[0m[1m)[0m
    [36m          │    │                             └ [0m[36m[1mSummaryState(user_requirement='低脂不辣，现有食材 番茄 土豆', allergy_list=[], exist_ingredients=[], dish_list=[], all_search_context=[], ...[0m
    [36m          │    └ [0m[36m[1m<function DeepResearchAgent._find_existing_report_note_id at 0x10e74e400>[0m
    [36m          └ [0m[36m[1m<agent.DeepResearchAgent object at 0x112c9f380>[0m

  File "[32m/Users/cammy/Documents/Cammy2026/AI Agent/hello-world/Smart_Recipe_Assistant/backend/src/[0m[32m[1magent.py[0m", line [33m519[0m, in [35m_find_existing_report_note_id[0m
    [35m[1mif[0m [1mstate[0m[35m[1m.[0m[1mreport_note_id[0m[1m:[0m
    [36m   └ [0m[36m[1mSummaryState(user_requirement='低脂不辣，现有食材 番茄 土豆', allergy_list=[], exist_ingredients=[], dish_list=[], all_search_context=[], ...[0m

[31m[1mAttributeError[0m:[1m 'SummaryState' object has no attribute 'report_note_id'[0m
[32m2026-06-23 15:33:53[0m | [31m[1mERROR[0m | [36musing_function:event_iterator[0m | [36mmain.py:176[0m | [31m[1mStreaming research failed[0m
[33m[1mTraceback (most recent call last):[0m

  File "/Library/Frameworks/Python.framework/Versions/3.14/lib/python3.14/threading.py", line 1044, in _bootstrap
    self._bootstrap_inner()
    │    └ <function Thread._bootstrap_inner at 0x109bae560>
    └ <WorkerThread(AnyIO worker thread, started 123145566957568)>
  File "/Library/Frameworks/Python.framework/Versions/3.14/lib/python3.14/threading.py", line 1082, in _bootstrap_inner
    self._context.run(self.run)
    │    │        │   │    └ <function WorkerThread.run at 0x11367bab0>
    │    │        │   └ <WorkerThread(AnyIO worker thread, started 123145566957568)>
    │    │        └ <method 'run' of '_contextvars.Context' objects>
    │    └ <_contextvars.Context object at 0x113656980>
    └ <WorkerThread(AnyIO worker thread, started 123145566957568)>
  File "/Users/cammy/Documents/Cammy2026/AI Agent/hello-world/Smart_Recipe_Assistant/backend/.venv/lib/python3.14/site-packages/anyio/_backends/_asyncio.py", line 1029, in run
    result = context.run(func, *args)
             │       │   │      └ (<generator object create_app.<locals>.stream_research.<locals>.event_iterator at 0x1135f3ef0>,)
             │       │   └ <function _next at 0x10ba54bf0>
             │       └ <method 'run' of '_contextvars.Context' objects>
             └ <_contextvars.Context object at 0x1134e2940>
  File "/Users/cammy/Documents/Cammy2026/AI Agent/hello-world/Smart_Recipe_Assistant/backend/.venv/lib/python3.14/site-packages/starlette/concurrency.py", line 46, in _next
    return next(iterator)
                └ <generator object create_app.<locals>.stream_research.<locals>.event_iterator at 0x1135f3ef0>

> File "[32m/Users/cammy/Documents/Cammy2026/AI Agent/hello-world/Smart_Recipe_Assistant/backend/src/[0m[32m[1mmain.py[0m", line [33m173[0m, in [35mevent_iterator[0m
    [35m[1mfor[0m [1mevent[0m [35m[1min[0m [1magent[0m[35m[1m.[0m[1mrun_stream[0m[1m([0m[1mpayload[0m[35m[1m.[0m[1mtopic[0m[1m)[0m[1m:[0m
    [36m    │        │     │          │       └ [0m[36m[1m'低脂不辣，现有食材 番茄 土豆'[0m
    [36m    │        │     │          └ [0m[36m[1mResearchRequest(topic='低脂不辣，现有食材 番茄 土豆', search_api=None)[0m
    [36m    │        │     └ [0m[36m[1m<function DeepResearchAgent.run_stream at 0x113179c70>[0m
    [36m    │        └ [0m[36m[1m<agent.DeepResearchAgent object at 0x1135eb380>[0m
    [36m    └ [0m[36m[1m{'type': 'task_status', 'task_id': 1, 'status': 'completed', 'summary': '菜品详细整理结果\n\n### 食材清单\n- 番茄：1个（约200克）\n- 土豆：1个（约300克）...[0m

  File "[32m/Users/cammy/Documents/Cammy2026/AI Agent/hello-world/Smart_Recipe_Assistant/backend/src/[0m[32m[1magent.py[0m", line [33m271[0m, in [35mrun_stream[0m
    [1mreport[0m [35m[1m=[0m [1mself[0m[35m[1m.[0m[1mreporting[0m[35m[1m.[0m[1mgenerate_report[0m[1m([0m[1mstate[0m[1m)[0m
    [36m         │    │         │               └ [0m[36m[1mSummaryState(user_requirement='低脂不辣，现有食材 番茄 土豆', allergy_list=[], exist_ingredients=[], dish_list=[], all_search_context=['信息...[0m
    [36m         │    │         └ [0m[36m[1m<function ReportingService.generate_report at 0x1131577f0>[0m
    [36m         │    └ [0m[36m[1m<services.reporter.ReportingService object at 0x1136c9160>[0m
    [36m         └ [0m[36m[1m<agent.DeepResearchAgent object at 0x1135eb380>[0m

  File "[32m/Users/cammy/Documents/Cammy2026/AI Agent/hello-world/Smart_Recipe_Assistant/backend/src/services/[0m[32m[1mreporter.py[0m", line [33m42[0m, in [35mgenerate_report[0m
    [36mf"[0m[36m- 菜单 [0m[1m{[0m[1mtask[0m[35m[1m.[0m[1mid[0m[1m}[0m[36m《[0m[1m{[0m[1mtask[0m[35m[1m.[0m[1mtitle[0m[1m}[0m[36m》：note_id=[0m[1m{[0m[1mtask[0m[35m[1m.[0m[1mnote_id[0m[1m}[0m[36m"[0m
    [36m        │    │    │                     │    └ [0m[36m[1m'note_20260623_153348_16'[0m
    [36m        │    │    │                     └ [0m[36m[1mTodoItem(id=1, name='快手家常炒蛋', intent='利用常见食材快速做一道简单下饭家常菜，适配用户用餐需求', query='低脂不辣，现有食材 番茄 土豆 家常简单菜谱 详细做法', status='completed', ...[0m
    [36m        │    │    └ [0m[36m[1mTodoItem(id=1, name='快手家常炒蛋', intent='利用常见食材快速做一道简单下饭家常菜，适配用户用餐需求', query='低脂不辣，现有食材 番茄 土豆 家常简单菜谱 详细做法', status='completed', ...[0m
    [36m        │    └ [0m[36m[1m1[0m
    [36m        └ [0m[36m[1mTodoItem(id=1, name='快手家常炒蛋', intent='利用常见食材快速做一道简单下饭家常菜，适配用户用餐需求', query='低脂不辣，现有食材 番茄 土豆 家常简单菜谱 详细做法', status='completed', ...[0m

[31m[1mAttributeError[0m:[1m 'TodoItem' object has no attribute 'title'[0m
[32m2026-06-23 15:33:53[0m | [31m[1mERROR[0m | [36musing_function:event_iterator[0m | [36mmain.py:176[0m | [31m[1mStreaming research failed[0m
[33m[1mTraceback (most recent call last):[0m

  File "/Library/Frameworks/Python.framework/Versions/3.14/lib/python3.14/threading.py", line 1044, in _bootstrap
    self._bootstrap_inner()
    │    └ <function Thread._bootstrap_inner at 0x109bae560>
    └ <WorkerThread(AnyIO worker thread, started 123145566957568)>
  File "/Library/Frameworks/Python.framework/Versions/3.14/lib/python3.14/threading.py", line 1082, in _bootstrap_inner
    self._context.run(self.run)
    │    │        │   │    └ <function WorkerThread.run at 0x11367bab0>
    │    │        │   └ <WorkerThread(AnyIO worker thread, started 123145566957568)>
    │    │        └ <method 'run' of '_contextvars.Context' objects>
    │    └ <_contextvars.Context object at 0x113656980>
    └ <WorkerThread(AnyIO worker thread, started 123145566957568)>
  File "/Users/cammy/Documents/Cammy2026/AI Agent/hello-world/Smart_Recipe_Assistant/backend/.venv/lib/python3.14/site-packages/anyio/_backends/_asyncio.py", line 1029, in run
    result = context.run(func, *args)
             │       │   │      └ (<generator object create_app.<locals>.stream_research.<locals>.event_iterator at 0x1135f3ef0>,)
             │       │   └ <function _next at 0x10ba54bf0>
             │       └ <method 'run' of '_contextvars.Context' objects>
             └ <_contextvars.Context object at 0x1134e2940>
  File "/Users/cammy/Documents/Cammy2026/AI Agent/hello-world/Smart_Recipe_Assistant/backend/.venv/lib/python3.14/site-packages/starlette/concurrency.py", line 46, in _next
    return next(iterator)
                └ <generator object create_app.<locals>.stream_research.<locals>.event_iterator at 0x1135f3ef0>

> File "[32m/Users/cammy/Documents/Cammy2026/AI Agent/hello-world/Smart_Recipe_Assistant/backend/src/[0m[32m[1mmain.py[0m", line [33m173[0m, in [35mevent_iterator[0m
    [35m[1mfor[0m [1mevent[0m [35m[1min[0m [1magent[0m[35m[1m.[0m[1mrun_stream[0m[1m([0m[1mpayload[0m[35m[1m.[0m[1mtopic[0m[1m)[0m[1m:[0m
    [36m    │        │     │          │       └ [0m[36m[1m'低脂不辣，现有食材 番茄 土豆'[0m
    [36m    │        │     │          └ [0m[36m[1mResearchRequest(topic='低脂不辣，现有食材 番茄 土豆', search_api=None)[0m
    [36m    │        │     └ [0m[36m[1m<function DeepResearchAgent.run_stream at 0x113179c70>[0m
    [36m    │        └ [0m[36m[1m<agent.DeepResearchAgent object at 0x1135eb380>[0m
    [36m    └ [0m[36m[1m{'type': 'task_status', 'task_id': 1, 'status': 'completed', 'summary': '菜品详细整理结果\n\n### 食材清单\n- 番茄：1个（约200克）\n- 土豆：1个（约300克）...[0m

  File "[32m/Users/cammy/Documents/Cammy2026/AI Agent/hello-world/Smart_Recipe_Assistant/backend/src/[0m[32m[1magent.py[0m", line [33m271[0m, in [35mrun_stream[0m
    [1mreport[0m [35m[1m=[0m [1mself[0m[35m[1m.[0m[1mreporting[0m[35m[1m.[0m[1mgenerate_report[0m[1m([0m[1mstate[0m[1m)[0m
    [36m         │    │         │               └ [0m[36m[1mSummaryState(user_requirement='低脂不辣，现有食材 番茄 土豆', allergy_list=[], exist_ingredients=[], dish_list=[], all_search_context=['信息...[0m
    [36m         │    │         └ [0m[36m[1m<function ReportingService.generate_report at 0x1131577f0>[0m
    [36m         │    └ [0m[36m[1m<services.reporter.ReportingService object at 0x1136c9160>[0m
    [36m         └ [0m[36m[1m<agent.DeepResearchAgent object at 0x1135eb380>[0m

  File "[32m/Users/cammy/Documents/Cammy2026/AI Agent/hello-world/Smart_Recipe_Assistant/backend/src/services/[0m[32m[1mreporter.py[0m", line [33m42[0m, in [35mgenerate_report[0m
    [36mf"[0m[36m- 菜单 [0m[1m{[0m[1mtask[0m[35m[1m.[0m[1mid[0m[1m}[0m[36m《[0m[1m{[0m[1mtask[0m[35m[1m.[0m[1mtitle[0m[1m}[0m[36m》：note_id=[0m[1m{[0m[1mtask[0m[35m[1m.[0m[1mnote_id[0m[1m}[0m[36m"[0m
    [36m        │    │    │                     │    └ [0m[36m[1m'note_20260623_153348_16'[0m
    [36m        │    │    │                     └ [0m[36m[1mTodoItem(id=1, name='快手家常炒蛋', intent='利用常见食材快速做一道简单下饭家常菜，适配用户用餐需求', query='低脂不辣，现有食材 番茄 土豆 家常简单菜谱 详细做法', status='completed', ...[0m
    [36m        │    │    └ [0m[36m[1mTodoItem(id=1, name='快手家常炒蛋', intent='利用常见食材快速做一道简单下饭家常菜，适配用户用餐需求', query='低脂不辣，现有食材 番茄 土豆 家常简单菜谱 详细做法', status='completed', ...[0m
    [36m        │    └ [0m[36m[1m1[0m
    [36m        └ [0m[36m[1mTodoItem(id=1, name='快手家常炒蛋', intent='利用常见食材快速做一道简单下饭家常菜，适配用户用餐需求', query='低脂不辣，现有食材 番茄 土豆 家常简单菜谱 详细做法', status='completed', ...[0m

[31m[1mAttributeError[0m:[1m 'TodoItem' object has no attribute 'title'[0m
[32m2026-06-24 10:58:05[0m | [31m[1mERROR[0m | [36musing_function:event_iterator[0m | [36mmain.py:176[0m | [31m[1mStreaming research failed[0m
[33m[1mTraceback (most recent call last):[0m

  File "/Library/Frameworks/Python.framework/Versions/3.14/lib/python3.14/threading.py", line 1044, in _bootstrap
    self._bootstrap_inner()
    │    └ <function Thread._bootstrap_inner at 0x103d9e400>
    └ <WorkerThread(AnyIO worker thread, started 123145450463232)>
  File "/Library/Frameworks/Python.framework/Versions/3.14/lib/python3.14/threading.py", line 1082, in _bootstrap_inner
    self._context.run(self.run)
    │    │        │   │    └ <function WorkerThread.run at 0x10db203b0>
    │    │        │   └ <WorkerThread(AnyIO worker thread, started 123145450463232)>
    │    │        └ <method 'run' of '_contextvars.Context' objects>
    │    └ <_contextvars.Context object at 0x107b540c0>
    └ <WorkerThread(AnyIO worker thread, started 123145450463232)>
  File "/Library/Frameworks/Python.framework/Versions/3.14/lib/python3.14/site-packages/anyio/_backends/_asyncio.py", line 1002, in run
    result = context.run(func, *args)
             │       │   │      └ (<generator object create_app.<locals>.stream_research.<locals>.event_iterator at 0x10d73f890>,)
             │       │   └ <function _next at 0x1057c7480>
             │       └ <method 'run' of '_contextvars.Context' objects>
             └ <_contextvars.Context object at 0x10d7b3b00>
  File "/Library/Frameworks/Python.framework/Versions/3.14/lib/python3.14/site-packages/starlette/concurrency.py", line 44, in _next
    return next(iterator)
                └ <generator object create_app.<locals>.stream_research.<locals>.event_iterator at 0x10d73f890>

> File "[32m/Users/cammy/Documents/Cammy2026/AI_Agent/hello-world/Smart_Recipe_Assistant/backend/src/[0m[32m[1mmain.py[0m", line [33m173[0m, in [35mevent_iterator[0m
    [35m[1mfor[0m [1mevent[0m [35m[1min[0m [1magent[0m[35m[1m.[0m[1mrun_stream[0m[1m([0m[1mpayload[0m[35m[1m.[0m[1mtopic[0m[1m)[0m[1m:[0m
    [36m    │        │     │          │       └ [0m[36m[1m'低脂不辣，现有食材 番茄 土豆'[0m
    [36m    │        │     │          └ [0m[36m[1mResearchRequest(topic='低脂不辣，现有食材 番茄 土豆', search_api=None)[0m
    [36m    │        │     └ [0m[36m[1m<function DeepResearchAgent.run_stream at 0x10d23ecf0>[0m
    [36m    │        └ [0m[36m[1m<agent.DeepResearchAgent object at 0x10daa0ec0>[0m
    [36m    └ [0m[36m[1m{'type': 'status', 'message': '初始化菜谱分析流程'}[0m

  File "[32m/Users/cammy/Documents/Cammy2026/AI_Agent/hello-world/Smart_Recipe_Assistant/backend/src/[0m[32m[1magent.py[0m", line [33m160[0m, in [35mrun_stream[0m
    [1mstate[0m[35m[1m.[0m[1mtodo_items[0m [35m[1m=[0m [1mself[0m[35m[1m.[0m[1mplanner[0m[35m[1m.[0m[1mplan_todo_list[0m[1m([0m[1mstate[0m[1m)[0m
    [36m│     │            │    │       │              └ [0m[36m[1mSummaryState(user_requirement='低脂不辣，现有食材 番茄 土豆', allergy_list=[], exist_ingredients=[], dish_list=[], all_search_context=[], ...[0m
    [36m│     │            │    │       └ [0m[36m[1m<function PlanningService.plan_todo_list at 0x10d20fe20>[0m
    [36m│     │            │    └ [0m[36m[1m<services.planner.PlanningService object at 0x10daa27b0>[0m
    [36m│     │            └ [0m[36m[1m<agent.DeepResearchAgent object at 0x10daa0ec0>[0m
    [36m│     └ [0m[36m[1m[TodoItem(id=1, name='番茄炒土豆', intent='低脂不辣，利用现有食材番茄和土豆制作一道简单家常菜，满足健康饮食需求。', query='番茄炒土豆 食材：番茄、土豆 分步做法 烹饪时长 热量 家常小贴士', status...[0m
    [36m└ [0m[36m[1mSummaryState(user_requirement='低脂不辣，现有食材 番茄 土豆', allergy_list=[], exist_ingredients=[], dish_list=[], all_search_context=[], ...[0m

  File "[32m/Users/cammy/Documents/Cammy2026/AI_Agent/hello-world/Smart_Recipe_Assistant/backend/src/services/[0m[32m[1mplanner.py[0m", line [33m65[0m, in [35mplan_todo_list[0m
    [1mtitles[0m [35m[1m=[0m [1m[[0m[1mtask[0m[35m[1m.[0m[1mtitle[0m [35m[1mfor[0m [1mtask[0m [35m[1min[0m [1mtodo_items[0m[1m][0m
    [36m          │              │       └ [0m[36m[1m[TodoItem(id=1, name='番茄炒土豆', intent='低脂不辣，利用现有食材番茄和土豆制作一道简单家常菜，满足健康饮食需求。', query='番茄炒土豆 食材：番茄、土豆 分步做法 烹饪时长 热量 家常小贴士', status...[0m
    [36m          │              └ [0m[36m[1mTodoItem(id=1, name='番茄炒土豆', intent='低脂不辣，利用现有食材番茄和土豆制作一道简单家常菜，满足健康饮食需求。', query='番茄炒土豆 食材：番茄、土豆 分步做法 烹饪时长 热量 家常小贴士', status=...[0m
    [36m          └ [0m[36m[1mTodoItem(id=1, name='番茄炒土豆', intent='低脂不辣，利用现有食材番茄和土豆制作一道简单家常菜，满足健康饮食需求。', query='番茄炒土豆 食材：番茄、土豆 分步做法 烹饪时长 热量 家常小贴士', status=...[0m

[31m[1mAttributeError[0m:[1m 'TodoItem' object has no attribute 'title'[0m
[32m2026-06-24 10:58:05[0m | [31m[1mERROR[0m | [36musing_function:event_iterator[0m | [36mmain.py:176[0m | [31m[1mStreaming research failed[0m
[33m[1mTraceback (most recent call last):[0m

  File "/Library/Frameworks/Python.framework/Versions/3.14/lib/python3.14/threading.py", line 1044, in _bootstrap
    self._bootstrap_inner()
    │    └ <function Thread._bootstrap_inner at 0x103d9e400>
    └ <WorkerThread(AnyIO worker thread, started 123145450463232)>
  File "/Library/Frameworks/Python.framework/Versions/3.14/lib/python3.14/threading.py", line 1082, in _bootstrap_inner
    self._context.run(self.run)
    │    │        │   │    └ <function WorkerThread.run at 0x10db203b0>
    │    │        │   └ <WorkerThread(AnyIO worker thread, started 123145450463232)>
    │    │        └ <method 'run' of '_contextvars.Context' objects>
    │    └ <_contextvars.Context object at 0x107b540c0>
    └ <WorkerThread(AnyIO worker thread, started 123145450463232)>
  File "/Library/Frameworks/Python.framework/Versions/3.14/lib/python3.14/site-packages/anyio/_backends/_asyncio.py", line 1002, in run
    result = context.run(func, *args)
             │       │   │      └ (<generator object create_app.<locals>.stream_research.<locals>.event_iterator at 0x10d73f890>,)
             │       │   └ <function _next at 0x1057c7480>
             │       └ <method 'run' of '_contextvars.Context' objects>
             └ <_contextvars.Context object at 0x10d7b3b00>
  File "/Library/Frameworks/Python.framework/Versions/3.14/lib/python3.14/site-packages/starlette/concurrency.py", line 44, in _next
    return next(iterator)
                └ <generator object create_app.<locals>.stream_research.<locals>.event_iterator at 0x10d73f890>

> File "[32m/Users/cammy/Documents/Cammy2026/AI_Agent/hello-world/Smart_Recipe_Assistant/backend/src/[0m[32m[1mmain.py[0m", line [33m173[0m, in [35mevent_iterator[0m
    [35m[1mfor[0m [1mevent[0m [35m[1min[0m [1magent[0m[35m[1m.[0m[1mrun_stream[0m[1m([0m[1mpayload[0m[35m[1m.[0m[1mtopic[0m[1m)[0m[1m:[0m
    [36m    │        │     │          │       └ [0m[36m[1m'低脂不辣，现有食材 番茄 土豆'[0m
    [36m    │        │     │          └ [0m[36m[1mResearchRequest(topic='低脂不辣，现有食材 番茄 土豆', search_api=None)[0m
    [36m    │        │     └ [0m[36m[1m<function DeepResearchAgent.run_stream at 0x10d23ecf0>[0m
    [36m    │        └ [0m[36m[1m<agent.DeepResearchAgent object at 0x10daa0ec0>[0m
    [36m    └ [0m[36m[1m{'type': 'status', 'message': '初始化菜谱分析流程'}[0m

  File "[32m/Users/cammy/Documents/Cammy2026/AI_Agent/hello-world/Smart_Recipe_Assistant/backend/src/[0m[32m[1magent.py[0m", line [33m160[0m, in [35mrun_stream[0m
    [1mstate[0m[35m[1m.[0m[1mtodo_items[0m [35m[1m=[0m [1mself[0m[35m[1m.[0m[1mplanner[0m[35m[1m.[0m[1mplan_todo_list[0m[1m([0m[1mstate[0m[1m)[0m
    [36m│     │            │    │       │              └ [0m[36m[1mSummaryState(user_requirement='低脂不辣，现有食材 番茄 土豆', allergy_list=[], exist_ingredients=[], dish_list=[], all_search_context=[], ...[0m
    [36m│     │            │    │       └ [0m[36m[1m<function PlanningService.plan_todo_list at 0x10d20fe20>[0m
    [36m│     │            │    └ [0m[36m[1m<services.planner.PlanningService object at 0x10daa27b0>[0m
    [36m│     │            └ [0m[36m[1m<agent.DeepResearchAgent object at 0x10daa0ec0>[0m
    [36m│     └ [0m[36m[1m[TodoItem(id=1, name='番茄炒土豆', intent='低脂不辣，利用现有食材番茄和土豆制作一道简单家常菜，满足健康饮食需求。', query='番茄炒土豆 食材：番茄、土豆 分步做法 烹饪时长 热量 家常小贴士', status...[0m
    [36m└ [0m[36m[1mSummaryState(user_requirement='低脂不辣，现有食材 番茄 土豆', allergy_list=[], exist_ingredients=[], dish_list=[], all_search_context=[], ...[0m

  File "[32m/Users/cammy/Documents/Cammy2026/AI_Agent/hello-world/Smart_Recipe_Assistant/backend/src/services/[0m[32m[1mplanner.py[0m", line [33m65[0m, in [35mplan_todo_list[0m
    [1mtitles[0m [35m[1m=[0m [1m[[0m[1mtask[0m[35m[1m.[0m[1mtitle[0m [35m[1mfor[0m [1mtask[0m [35m[1min[0m [1mtodo_items[0m[1m][0m
    [36m          │              │       └ [0m[36m[1m[TodoItem(id=1, name='番茄炒土豆', intent='低脂不辣，利用现有食材番茄和土豆制作一道简单家常菜，满足健康饮食需求。', query='番茄炒土豆 食材：番茄、土豆 分步做法 烹饪时长 热量 家常小贴士', status...[0m
    [36m          │              └ [0m[36m[1mTodoItem(id=1, name='番茄炒土豆', intent='低脂不辣，利用现有食材番茄和土豆制作一道简单家常菜，满足健康饮食需求。', query='番茄炒土豆 食材：番茄、土豆 分步做法 烹饪时长 热量 家常小贴士', status=...[0m
    [36m          └ [0m[36m[1mTodoItem(id=1, name='番茄炒土豆', intent='低脂不辣，利用现有食材番茄和土豆制作一道简单家常菜，满足健康饮食需求。', query='番茄炒土豆 食材：番茄、土豆 分步做法 烹饪时长 热量 家常小贴士', status=...[0m

[31m[1mAttributeError[0m:[1m 'TodoItem' object has no attribute 'title'[0m
[32m2026-06-24 14:56:09[0m | [31m[1mERROR[0m | [36musing_function:event_iterator[0m | [36mmain.py:176[0m | [31m[1mStreaming research failed[0m
[33m[1mTraceback (most recent call last):[0m

  File "/Library/Frameworks/Python.framework/Versions/3.14/lib/python3.14/site-packages/hello_agents/core/llm.py", line 326, in invoke
    response = self._client.chat.completions.create(
               │    │       │    │           └ <function Completions.create at 0x117974a90>
               │    │       │    └ <openai.resources.chat.completions.completions.Completions object at 0x117ce7950>
               │    │       └ <openai.resources.chat.chat.Chat object at 0x117ce5e00>
               │    └ <openai.OpenAI object at 0x117eb9260>
               └ <hello_agents.core.llm.HelloAgentsLLM object at 0x117eba360>
  File "/Library/Frameworks/Python.framework/Versions/3.14/lib/python3.14/site-packages/openai/_utils/_utils.py", line 286, in wrapper
    return func(*args, **kwargs)
           │     │       └ {'model': 'qwen-turbo', 'messages': [{'role': 'system', 'content': '你是一名专业菜谱规划专家，将用户用餐需求拆解成数量合理、搭配互补的做菜子任务。\n- 菜品之间荤素均衡、做法不重复...
           │     └ (<openai.resources.chat.completions.completions.Completions object at 0x117ce7950>,)
           └ <function Completions.create at 0x117974930>
  File "/Library/Frameworks/Python.framework/Versions/3.14/lib/python3.14/site-packages/openai/resources/chat/completions/completions.py", line 1147, in create
    return self._post(
           │    └ <bound method SyncAPIClient.post of <openai.OpenAI object at 0x117eb9260>>
           └ <openai.resources.chat.completions.completions.Completions object at 0x117ce7950>
  File "/Library/Frameworks/Python.framework/Versions/3.14/lib/python3.14/site-packages/openai/_base_client.py", line 1259, in post
    return cast(ResponseT, self.request(cast_to, opts, stream=stream, stream_cls=stream_cls))
           │    │          │    │       │        │            │                  └ openai.Stream[openai.types.chat.chat_completion_chunk.ChatCompletionChunk]
           │    │          │    │       │        │            └ False
           │    │          │    │       │        └ FinalRequestOptions(method='post', url='/chat/completions', params={}, headers=NOT_GIVEN, max_retries=NOT_GIVEN, timeout=NOT_...
           │    │          │    │       └ <class 'openai.types.chat.chat_completion.ChatCompletion'>
           │    │          │    └ <function SyncAPIClient.request at 0x1111a90c0>
           │    │          └ <openai.OpenAI object at 0x117eb9260>
           │    └ ~ResponseT
           └ <function cast at 0x10de9a090>
  File "/Library/Frameworks/Python.framework/Versions/3.14/lib/python3.14/site-packages/openai/_base_client.py", line 1047, in request
    raise self._make_status_error_from_response(err.response) from None
          │    └ <function BaseClient._make_status_error_from_response at 0x11119de80>
          └ <openai.OpenAI object at 0x117eb9260>

[31m[1mopenai.BadRequestError[0m:[1m Error code: 400 - {'error': {'message': 'Access denied, please make sure your account is in good standing. For details, see: https://help.aliyun.com/zh/model-studio/error-code#overdue-payment', 'type': 'Arrearage', 'param': None, 'code': 'Arrearage'}, 'id': 'chatcmpl-8da0b45f-2796-9550-9166-bc4bf6137e21', 'request_id': '8da0b45f-2796-9550-9166-bc4bf6137e21'}[0m


[1mDuring handling of the above exception, another exception occurred:[0m


[33m[1mTraceback (most recent call last):[0m

  File "/Library/Frameworks/Python.framework/Versions/3.14/lib/python3.14/threading.py", line 1044, in _bootstrap
    self._bootstrap_inner()
    │    └ <function Thread._bootstrap_inner at 0x10db12400>
    └ <WorkerThread(AnyIO worker thread, started 123145342570496)>
  File "/Library/Frameworks/Python.framework/Versions/3.14/lib/python3.14/threading.py", line 1082, in _bootstrap_inner
    self._context.run(self.run)
    │    │        │   │    └ <function WorkerThread.run at 0x11783c250>
    │    │        │   └ <WorkerThread(AnyIO worker thread, started 123145342570496)>
    │    │        └ <method 'run' of '_contextvars.Context' objects>
    │    └ <_contextvars.Context object at 0x1178423c0>
    └ <WorkerThread(AnyIO worker thread, started 123145342570496)>
  File "/Library/Frameworks/Python.framework/Versions/3.14/lib/python3.14/site-packages/anyio/_backends/_asyncio.py", line 1002, in run
    result = context.run(func, *args)
             │       │   │      └ (<generator object create_app.<locals>.stream_research.<locals>.event_iterator at 0x117eb8bf0>,)
             │       │   └ <function _next at 0x10f53b480>
             │       └ <method 'run' of '_contextvars.Context' objects>
             └ <_contextvars.Context object at 0x1177dd500>
  File "/Library/Frameworks/Python.framework/Versions/3.14/lib/python3.14/site-packages/starlette/concurrency.py", line 44, in _next
    return next(iterator)
                └ <generator object create_app.<locals>.stream_research.<locals>.event_iterator at 0x117eb8bf0>

> File "[32m/Users/cammy/Documents/Cammy2026/AI_Agent/hello-world/Smart_Recipe_Assistant/backend/src/[0m[32m[1mmain.py[0m", line [33m173[0m, in [35mevent_iterator[0m
    [35m[1mfor[0m [1mevent[0m [35m[1min[0m [1magent[0m[35m[1m.[0m[1mrun_stream[0m[1m([0m[1mpayload[0m[35m[1m.[0m[1mtopic[0m[1m)[0m[1m:[0m
    [36m    │        │     │          │       └ [0m[36m[1m'低脂不辣，现有食材 番茄 土豆'[0m
    [36m    │        │     │          └ [0m[36m[1mResearchRequest(topic='低脂不辣，现有食材 番茄 土豆', search_api=None)[0m
    [36m    │        │     └ [0m[36m[1m<function DeepResearchAgent.run_stream at 0x11703ecf0>[0m
    [36m    │        └ [0m[36m[1m<agent.DeepResearchAgent object at 0x117eb9040>[0m
    [36m    └ [0m[36m[1m{'type': 'status', 'message': '初始化菜谱分析流程'}[0m

  File "[32m/Users/cammy/Documents/Cammy2026/AI_Agent/hello-world/Smart_Recipe_Assistant/backend/src/[0m[32m[1magent.py[0m", line [33m160[0m, in [35mrun_stream[0m
    [1mstate[0m[35m[1m.[0m[1mtodo_items[0m [35m[1m=[0m [1mself[0m[35m[1m.[0m[1mplanner[0m[35m[1m.[0m[1mplan_todo_list[0m[1m([0m[1mstate[0m[1m)[0m
    [36m│                  │    │       │              └ [0m[36m[1mSummaryState(user_requirement='低脂不辣，现有食材 番茄 土豆', allergy_list=[], exist_ingredients=[], dish_list=[], all_search_context=[], ...[0m
    [36m│                  │    │       └ [0m[36m[1m<function PlanningService.plan_todo_list at 0x11700fe20>[0m
    [36m│                  │    └ [0m[36m[1m<services.planner.PlanningService object at 0x117eb86b0>[0m
    [36m│                  └ [0m[36m[1m<agent.DeepResearchAgent object at 0x117eb9040>[0m
    [36m└ [0m[36m[1mSummaryState(user_requirement='低脂不辣，现有食材 番茄 土豆', allergy_list=[], exist_ingredients=[], dish_list=[], all_search_context=[], ...[0m

  File "[32m/Users/cammy/Documents/Cammy2026/AI_Agent/hello-world/Smart_Recipe_Assistant/backend/src/services/[0m[32m[1mplanner.py[0m", line [33m39[0m, in [35mplan_todo_list[0m
    [1mresponse[0m [35m[1m=[0m [1mself[0m[35m[1m.[0m[1m_agent[0m[35m[1m.[0m[1mrun[0m[1m([0m[1mprompt[0m[1m)[0m
    [36m           │    │      │   └ [0m[36m[1m'\n\n<CONTEXT>\n当前日期：June 24, 2026\n用户用餐需求：低脂不辣，现有食材 番茄 土豆\n</CONTEXT>\n\n<FORMAT>\n请严格以 JSON 格式回复：\n{\n  "tasks": [\n    {\n...[0m
    [36m           │    │      └ [0m[36m[1m<function SimpleAgent.run at 0x1113a31c0>[0m
    [36m           │    └ [0m[36m[1mAgent(name=菜谱规划专家, provider=qwen)[0m
    [36m           └ [0m[36m[1m<services.planner.PlanningService object at 0x117eb86b0>[0m

  File "/Library/Frameworks/Python.framework/Versions/3.14/lib/python3.14/site-packages/hello_agents/agents/simple_agent.py", line 285, in run
    response = self.llm.invoke(messages, **kwargs)
               │    │   │      │           └ {}
               │    │   │      └ [{'role': 'system', 'content': '你是一名专业菜谱规划专家，将用户用餐需求拆解成数量合理、搭配互补的做菜子任务。\n- 菜品之间荤素均衡、做法不重复、烹饪时长适配整体节奏；\n- 每个菜品任务具备明确用餐目标与精准搜索关...
               │    │   └ <function HelloAgentsLLM.invoke at 0x1113a16f0>
               │    └ <hello_agents.core.llm.HelloAgentsLLM object at 0x117eba360>
               └ Agent(name=菜谱规划专家, provider=qwen)
  File "/Library/Frameworks/Python.framework/Versions/3.14/lib/python3.14/site-packages/hello_agents/core/llm.py", line 335, in invoke
    raise HelloAgentsException(f"LLM调用失败: {str(e)}")
          └ <class 'hello_agents.core.exceptions.HelloAgentsException'>

[31m[1mhello_agents.core.exceptions.HelloAgentsException[0m:[1m LLM调用失败: Error code: 400 - {'error': {'message': 'Access denied, please make sure your account is in good standing. For details, see: https://help.aliyun.com/zh/model-studio/error-code#overdue-payment', 'type': 'Arrearage', 'param': None, 'code': 'Arrearage'}, 'id': 'chatcmpl-8da0b45f-2796-9550-9166-bc4bf6137e21', 'request_id': '8da0b45f-2796-9550-9166-bc4bf6137e21'}[0m
[32m2026-06-24 14:56:09[0m | [31m[1mERROR[0m | [36musing_function:event_iterator[0m | [36mmain.py:176[0m | [31m[1mStreaming research failed[0m
[33m[1mTraceback (most recent call last):[0m

  File "/Library/Frameworks/Python.framework/Versions/3.14/lib/python3.14/site-packages/hello_agents/core/llm.py", line 326, in invoke
    response = self._client.chat.completions.create(
               │    │       │    │           └ <function Completions.create at 0x117974a90>
               │    │       │    └ <openai.resources.chat.completions.completions.Completions object at 0x117ce7950>
               │    │       └ <openai.resources.chat.chat.Chat object at 0x117ce5e00>
               │    └ <openai.OpenAI object at 0x117eb9260>
               └ <hello_agents.core.llm.HelloAgentsLLM object at 0x117eba360>
  File "/Library/Frameworks/Python.framework/Versions/3.14/lib/python3.14/site-packages/openai/_utils/_utils.py", line 286, in wrapper
    return func(*args, **kwargs)
           │     │       └ {'model': 'qwen-turbo', 'messages': [{'role': 'system', 'content': '你是一名专业菜谱规划专家，将用户用餐需求拆解成数量合理、搭配互补的做菜子任务。\n- 菜品之间荤素均衡、做法不重复...
           │     └ (<openai.resources.chat.completions.completions.Completions object at 0x117ce7950>,)
           └ <function Completions.create at 0x117974930>
  File "/Library/Frameworks/Python.framework/Versions/3.14/lib/python3.14/site-packages/openai/resources/chat/completions/completions.py", line 1147, in create
    return self._post(
           │    └ <bound method SyncAPIClient.post of <openai.OpenAI object at 0x117eb9260>>
           └ <openai.resources.chat.completions.completions.Completions object at 0x117ce7950>
  File "/Library/Frameworks/Python.framework/Versions/3.14/lib/python3.14/site-packages/openai/_base_client.py", line 1259, in post
    return cast(ResponseT, self.request(cast_to, opts, stream=stream, stream_cls=stream_cls))
           │    │          │    │       │        │            │                  └ openai.Stream[openai.types.chat.chat_completion_chunk.ChatCompletionChunk]
           │    │          │    │       │        │            └ False
           │    │          │    │       │        └ FinalRequestOptions(method='post', url='/chat/completions', params={}, headers=NOT_GIVEN, max_retries=NOT_GIVEN, timeout=NOT_...
           │    │          │    │       └ <class 'openai.types.chat.chat_completion.ChatCompletion'>
           │    │          │    └ <function SyncAPIClient.request at 0x1111a90c0>
           │    │          └ <openai.OpenAI object at 0x117eb9260>
           │    └ ~ResponseT
           └ <function cast at 0x10de9a090>
  File "/Library/Frameworks/Python.framework/Versions/3.14/lib/python3.14/site-packages/openai/_base_client.py", line 1047, in request
    raise self._make_status_error_from_response(err.response) from None
          │    └ <function BaseClient._make_status_error_from_response at 0x11119de80>
          └ <openai.OpenAI object at 0x117eb9260>

[31m[1mopenai.BadRequestError[0m:[1m Error code: 400 - {'error': {'message': 'Access denied, please make sure your account is in good standing. For details, see: https://help.aliyun.com/zh/model-studio/error-code#overdue-payment', 'type': 'Arrearage', 'param': None, 'code': 'Arrearage'}, 'id': 'chatcmpl-8da0b45f-2796-9550-9166-bc4bf6137e21', 'request_id': '8da0b45f-2796-9550-9166-bc4bf6137e21'}[0m


[1mDuring handling of the above exception, another exception occurred:[0m


[33m[1mTraceback (most recent call last):[0m

  File "/Library/Frameworks/Python.framework/Versions/3.14/lib/python3.14/threading.py", line 1044, in _bootstrap
    self._bootstrap_inner()
    │    └ <function Thread._bootstrap_inner at 0x10db12400>
    └ <WorkerThread(AnyIO worker thread, started 123145342570496)>
  File "/Library/Frameworks/Python.framework/Versions/3.14/lib/python3.14/threading.py", line 1082, in _bootstrap_inner
    self._context.run(self.run)
    │    │        │   │    └ <function WorkerThread.run at 0x11783c250>
    │    │        │   └ <WorkerThread(AnyIO worker thread, started 123145342570496)>
    │    │        └ <method 'run' of '_contextvars.Context' objects>
    │    └ <_contextvars.Context object at 0x1178423c0>
    └ <WorkerThread(AnyIO worker thread, started 123145342570496)>
  File "/Library/Frameworks/Python.framework/Versions/3.14/lib/python3.14/site-packages/anyio/_backends/_asyncio.py", line 1002, in run
    result = context.run(func, *args)
             │       │   │      └ (<generator object create_app.<locals>.stream_research.<locals>.event_iterator at 0x117eb8bf0>,)
             │       │   └ <function _next at 0x10f53b480>
             │       └ <method 'run' of '_contextvars.Context' objects>
             └ <_contextvars.Context object at 0x1177dd500>
  File "/Library/Frameworks/Python.framework/Versions/3.14/lib/python3.14/site-packages/starlette/concurrency.py", line 44, in _next
    return next(iterator)
                └ <generator object create_app.<locals>.stream_research.<locals>.event_iterator at 0x117eb8bf0>

> File "[32m/Users/cammy/Documents/Cammy2026/AI_Agent/hello-world/Smart_Recipe_Assistant/backend/src/[0m[32m[1mmain.py[0m", line [33m173[0m, in [35mevent_iterator[0m
    [35m[1mfor[0m [1mevent[0m [35m[1min[0m [1magent[0m[35m[1m.[0m[1mrun_stream[0m[1m([0m[1mpayload[0m[35m[1m.[0m[1mtopic[0m[1m)[0m[1m:[0m
    [36m    │        │     │          │       └ [0m[36m[1m'低脂不辣，现有食材 番茄 土豆'[0m
    [36m    │        │     │          └ [0m[36m[1mResearchRequest(topic='低脂不辣，现有食材 番茄 土豆', search_api=None)[0m
    [36m    │        │     └ [0m[36m[1m<function DeepResearchAgent.run_stream at 0x11703ecf0>[0m
    [36m    │        └ [0m[36m[1m<agent.DeepResearchAgent object at 0x117eb9040>[0m
    [36m    └ [0m[36m[1m{'type': 'status', 'message': '初始化菜谱分析流程'}[0m

  File "[32m/Users/cammy/Documents/Cammy2026/AI_Agent/hello-world/Smart_Recipe_Assistant/backend/src/[0m[32m[1magent.py[0m", line [33m160[0m, in [35mrun_stream[0m
    [1mstate[0m[35m[1m.[0m[1mtodo_items[0m [35m[1m=[0m [1mself[0m[35m[1m.[0m[1mplanner[0m[35m[1m.[0m[1mplan_todo_list[0m[1m([0m[1mstate[0m[1m)[0m
    [36m│                  │    │       │              └ [0m[36m[1mSummaryState(user_requirement='低脂不辣，现有食材 番茄 土豆', allergy_list=[], exist_ingredients=[], dish_list=[], all_search_context=[], ...[0m
    [36m│                  │    │       └ [0m[36m[1m<function PlanningService.plan_todo_list at 0x11700fe20>[0m
    [36m│                  │    └ [0m[36m[1m<services.planner.PlanningService object at 0x117eb86b0>[0m
    [36m│                  └ [0m[36m[1m<agent.DeepResearchAgent object at 0x117eb9040>[0m
    [36m└ [0m[36m[1mSummaryState(user_requirement='低脂不辣，现有食材 番茄 土豆', allergy_list=[], exist_ingredients=[], dish_list=[], all_search_context=[], ...[0m

  File "[32m/Users/cammy/Documents/Cammy2026/AI_Agent/hello-world/Smart_Recipe_Assistant/backend/src/services/[0m[32m[1mplanner.py[0m", line [33m39[0m, in [35mplan_todo_list[0m
    [1mresponse[0m [35m[1m=[0m [1mself[0m[35m[1m.[0m[1m_agent[0m[35m[1m.[0m[1mrun[0m[1m([0m[1mprompt[0m[1m)[0m
    [36m           │    │      │   └ [0m[36m[1m'\n\n<CONTEXT>\n当前日期：June 24, 2026\n用户用餐需求：低脂不辣，现有食材 番茄 土豆\n</CONTEXT>\n\n<FORMAT>\n请严格以 JSON 格式回复：\n{\n  "tasks": [\n    {\n...[0m
    [36m           │    │      └ [0m[36m[1m<function SimpleAgent.run at 0x1113a31c0>[0m
    [36m           │    └ [0m[36m[1mAgent(name=菜谱规划专家, provider=qwen)[0m
    [36m           └ [0m[36m[1m<services.planner.PlanningService object at 0x117eb86b0>[0m

  File "/Library/Frameworks/Python.framework/Versions/3.14/lib/python3.14/site-packages/hello_agents/agents/simple_agent.py", line 285, in run
    response = self.llm.invoke(messages, **kwargs)
               │    │   │      │           └ {}
               │    │   │      └ [{'role': 'system', 'content': '你是一名专业菜谱规划专家，将用户用餐需求拆解成数量合理、搭配互补的做菜子任务。\n- 菜品之间荤素均衡、做法不重复、烹饪时长适配整体节奏；\n- 每个菜品任务具备明确用餐目标与精准搜索关...
               │    │   └ <function HelloAgentsLLM.invoke at 0x1113a16f0>
               │    └ <hello_agents.core.llm.HelloAgentsLLM object at 0x117eba360>
               └ Agent(name=菜谱规划专家, provider=qwen)
  File "/Library/Frameworks/Python.framework/Versions/3.14/lib/python3.14/site-packages/hello_agents/core/llm.py", line 335, in invoke
    raise HelloAgentsException(f"LLM调用失败: {str(e)}")
          └ <class 'hello_agents.core.exceptions.HelloAgentsException'>

[31m[1mhello_agents.core.exceptions.HelloAgentsException[0m:[1m LLM调用失败: Error code: 400 - {'error': {'message': 'Access denied, please make sure your account is in good standing. For details, see: https://help.aliyun.com/zh/model-studio/error-code#overdue-payment', 'type': 'Arrearage', 'param': None, 'code': 'Arrearage'}, 'id': 'chatcmpl-8da0b45f-2796-9550-9166-bc4bf6137e21', 'request_id': '8da0b45f-2796-9550-9166-bc4bf6137e21'}[0m
[32m2026-06-24 14:56:50[0m | [31m[1mERROR[0m | [36musing_function:event_iterator[0m | [36mmain.py:176[0m | [31m[1mStreaming research failed[0m
[33m[1mTraceback (most recent call last):[0m

  File "/Library/Frameworks/Python.framework/Versions/3.14/lib/python3.14/site-packages/hello_agents/core/llm.py", line 326, in invoke
    response = self._client.chat.completions.create(
               │    │       │    │           └ <function Completions.create at 0x117974a90>
               │    │       │    └ <openai.resources.chat.completions.completions.Completions object at 0x117ee8dd0>
               │    │       └ <openai.resources.chat.chat.Chat object at 0x117ee8cb0>
               │    └ <openai.OpenAI object at 0x117eb8490>
               └ <hello_agents.core.llm.HelloAgentsLLM object at 0x117eb9e10>
  File "/Library/Frameworks/Python.framework/Versions/3.14/lib/python3.14/site-packages/openai/_utils/_utils.py", line 286, in wrapper
    return func(*args, **kwargs)
           │     │       └ {'model': 'qwen-turbo', 'messages': [{'role': 'system', 'content': '你是一名专业菜谱规划专家，将用户用餐需求拆解成数量合理、搭配互补的做菜子任务。\n- 菜品之间荤素均衡、做法不重复...
           │     └ (<openai.resources.chat.completions.completions.Completions object at 0x117ee8dd0>,)
           └ <function Completions.create at 0x117974930>
  File "/Library/Frameworks/Python.framework/Versions/3.14/lib/python3.14/site-packages/openai/resources/chat/completions/completions.py", line 1147, in create
    return self._post(
           │    └ <bound method SyncAPIClient.post of <openai.OpenAI object at 0x117eb8490>>
           └ <openai.resources.chat.completions.completions.Completions object at 0x117ee8dd0>
  File "/Library/Frameworks/Python.framework/Versions/3.14/lib/python3.14/site-packages/openai/_base_client.py", line 1259, in post
    return cast(ResponseT, self.request(cast_to, opts, stream=stream, stream_cls=stream_cls))
           │    │          │    │       │        │            │                  └ openai.Stream[openai.types.chat.chat_completion_chunk.ChatCompletionChunk]
           │    │          │    │       │        │            └ False
           │    │          │    │       │        └ FinalRequestOptions(method='post', url='/chat/completions', params={}, headers=NOT_GIVEN, max_retries=NOT_GIVEN, timeout=NOT_...
           │    │          │    │       └ <class 'openai.types.chat.chat_completion.ChatCompletion'>
           │    │          │    └ <function SyncAPIClient.request at 0x1111a90c0>
           │    │          └ <openai.OpenAI object at 0x117eb8490>
           │    └ ~ResponseT
           └ <function cast at 0x10de9a090>
  File "/Library/Frameworks/Python.framework/Versions/3.14/lib/python3.14/site-packages/openai/_base_client.py", line 1047, in request
    raise self._make_status_error_from_response(err.response) from None
          │    └ <function BaseClient._make_status_error_from_response at 0x11119de80>
          └ <openai.OpenAI object at 0x117eb8490>

[31m[1mopenai.BadRequestError[0m:[1m Error code: 400 - {'error': {'message': 'Access denied, please make sure your account is in good standing. For details, see: https://help.aliyun.com/zh/model-studio/error-code#overdue-payment', 'type': 'Arrearage', 'param': None, 'code': 'Arrearage'}, 'id': 'chatcmpl-b4f5b1fd-ce11-9d00-9437-60aeaa48edca', 'request_id': 'b4f5b1fd-ce11-9d00-9437-60aeaa48edca'}[0m


[1mDuring handling of the above exception, another exception occurred:[0m


[33m[1mTraceback (most recent call last):[0m

  File "/Library/Frameworks/Python.framework/Versions/3.14/lib/python3.14/threading.py", line 1044, in _bootstrap
    self._bootstrap_inner()
    │    └ <function Thread._bootstrap_inner at 0x10db12400>
    └ <WorkerThread(AnyIO worker thread, started 123145342570496)>
  File "/Library/Frameworks/Python.framework/Versions/3.14/lib/python3.14/threading.py", line 1082, in _bootstrap_inner
    self._context.run(self.run)
    │    │        │   │    └ <function WorkerThread.run at 0x11783c250>
    │    │        │   └ <WorkerThread(AnyIO worker thread, started 123145342570496)>
    │    │        └ <method 'run' of '_contextvars.Context' objects>
    │    └ <_contextvars.Context object at 0x1178423c0>
    └ <WorkerThread(AnyIO worker thread, started 123145342570496)>
  File "/Library/Frameworks/Python.framework/Versions/3.14/lib/python3.14/site-packages/anyio/_backends/_asyncio.py", line 1002, in run
    result = context.run(func, *args)
             │       │   │      └ (<generator object create_app.<locals>.stream_research.<locals>.event_iterator at 0x117ebace0>,)
             │       │   └ <function _next at 0x10f53b480>
             │       └ <method 'run' of '_contextvars.Context' objects>
             └ <_contextvars.Context object at 0x117d72080>
  File "/Library/Frameworks/Python.framework/Versions/3.14/lib/python3.14/site-packages/starlette/concurrency.py", line 44, in _next
    return next(iterator)
                └ <generator object create_app.<locals>.stream_research.<locals>.event_iterator at 0x117ebace0>

> File "[32m/Users/cammy/Documents/Cammy2026/AI_Agent/hello-world/Smart_Recipe_Assistant/backend/src/[0m[32m[1mmain.py[0m", line [33m173[0m, in [35mevent_iterator[0m
    [35m[1mfor[0m [1mevent[0m [35m[1min[0m [1magent[0m[35m[1m.[0m[1mrun_stream[0m[1m([0m[1mpayload[0m[35m[1m.[0m[1mtopic[0m[1m)[0m[1m:[0m
    [36m    │        │     │          │       └ [0m[36m[1m'低脂不辣，现有食材 番茄 土豆'[0m
    [36m    │        │     │          └ [0m[36m[1mResearchRequest(topic='低脂不辣，现有食材 番茄 土豆', search_api=None)[0m
    [36m    │        │     └ [0m[36m[1m<function DeepResearchAgent.run_stream at 0x11703ecf0>[0m
    [36m    │        └ [0m[36m[1m<agent.DeepResearchAgent object at 0x117eb89e0>[0m
    [36m    └ [0m[36m[1m{'type': 'status', 'message': '初始化菜谱分析流程'}[0m

  File "[32m/Users/cammy/Documents/Cammy2026/AI_Agent/hello-world/Smart_Recipe_Assistant/backend/src/[0m[32m[1magent.py[0m", line [33m160[0m, in [35mrun_stream[0m
    [1mstate[0m[35m[1m.[0m[1mtodo_items[0m [35m[1m=[0m [1mself[0m[35m[1m.[0m[1mplanner[0m[35m[1m.[0m[1mplan_todo_list[0m[1m([0m[1mstate[0m[1m)[0m
    [36m│                  │    │       │              └ [0m[36m[1mSummaryState(user_requirement='低脂不辣，现有食材 番茄 土豆', allergy_list=[], exist_ingredients=[], dish_list=[], all_search_context=[], ...[0m
    [36m│                  │    │       └ [0m[36m[1m<function PlanningService.plan_todo_list at 0x11700fe20>[0m
    [36m│                  │    └ [0m[36m[1m<services.planner.PlanningService object at 0x117eba9c0>[0m
    [36m│                  └ [0m[36m[1m<agent.DeepResearchAgent object at 0x117eb89e0>[0m
    [36m└ [0m[36m[1mSummaryState(user_requirement='低脂不辣，现有食材 番茄 土豆', allergy_list=[], exist_ingredients=[], dish_list=[], all_search_context=[], ...[0m

  File "[32m/Users/cammy/Documents/Cammy2026/AI_Agent/hello-world/Smart_Recipe_Assistant/backend/src/services/[0m[32m[1mplanner.py[0m", line [33m39[0m, in [35mplan_todo_list[0m
    [1mresponse[0m [35m[1m=[0m [1mself[0m[35m[1m.[0m[1m_agent[0m[35m[1m.[0m[1mrun[0m[1m([0m[1mprompt[0m[1m)[0m
    [36m           │    │      │   └ [0m[36m[1m'\n\n<CONTEXT>\n当前日期：June 24, 2026\n用户用餐需求：低脂不辣，现有食材 番茄 土豆\n</CONTEXT>\n\n<FORMAT>\n请严格以 JSON 格式回复：\n{\n  "tasks": [\n    {\n...[0m
    [36m           │    │      └ [0m[36m[1m<function SimpleAgent.run at 0x1113a31c0>[0m
    [36m           │    └ [0m[36m[1mAgent(name=菜谱规划专家, provider=qwen)[0m
    [36m           └ [0m[36m[1m<services.planner.PlanningService object at 0x117eba9c0>[0m

  File "/Library/Frameworks/Python.framework/Versions/3.14/lib/python3.14/site-packages/hello_agents/agents/simple_agent.py", line 285, in run
    response = self.llm.invoke(messages, **kwargs)
               │    │   │      │           └ {}
               │    │   │      └ [{'role': 'system', 'content': '你是一名专业菜谱规划专家，将用户用餐需求拆解成数量合理、搭配互补的做菜子任务。\n- 菜品之间荤素均衡、做法不重复、烹饪时长适配整体节奏；\n- 每个菜品任务具备明确用餐目标与精准搜索关...
               │    │   └ <function HelloAgentsLLM.invoke at 0x1113a16f0>
               │    └ <hello_agents.core.llm.HelloAgentsLLM object at 0x117eb9e10>
               └ Agent(name=菜谱规划专家, provider=qwen)
  File "/Library/Frameworks/Python.framework/Versions/3.14/lib/python3.14/site-packages/hello_agents/core/llm.py", line 335, in invoke
    raise HelloAgentsException(f"LLM调用失败: {str(e)}")
          └ <class 'hello_agents.core.exceptions.HelloAgentsException'>

[31m[1mhello_agents.core.exceptions.HelloAgentsException[0m:[1m LLM调用失败: Error code: 400 - {'error': {'message': 'Access denied, please make sure your account is in good standing. For details, see: https://help.aliyun.com/zh/model-studio/error-code#overdue-payment', 'type': 'Arrearage', 'param': None, 'code': 'Arrearage'}, 'id': 'chatcmpl-b4f5b1fd-ce11-9d00-9437-60aeaa48edca', 'request_id': 'b4f5b1fd-ce11-9d00-9437-60aeaa48edca'}[0m
[32m2026-06-24 14:56:50[0m | [31m[1mERROR[0m | [36musing_function:event_iterator[0m | [36mmain.py:176[0m | [31m[1mStreaming research failed[0m
[33m[1mTraceback (most recent call last):[0m

  File "/Library/Frameworks/Python.framework/Versions/3.14/lib/python3.14/site-packages/hello_agents/core/llm.py", line 326, in invoke
    response = self._client.chat.completions.create(
               │    │       │    │           └ <function Completions.create at 0x117974a90>
               │    │       │    └ <openai.resources.chat.completions.completions.Completions object at 0x117ee8dd0>
               │    │       └ <openai.resources.chat.chat.Chat object at 0x117ee8cb0>
               │    └ <openai.OpenAI object at 0x117eb8490>
               └ <hello_agents.core.llm.HelloAgentsLLM object at 0x117eb9e10>
  File "/Library/Frameworks/Python.framework/Versions/3.14/lib/python3.14/site-packages/openai/_utils/_utils.py", line 286, in wrapper
    return func(*args, **kwargs)
           │     │       └ {'model': 'qwen-turbo', 'messages': [{'role': 'system', 'content': '你是一名专业菜谱规划专家，将用户用餐需求拆解成数量合理、搭配互补的做菜子任务。\n- 菜品之间荤素均衡、做法不重复...
           │     └ (<openai.resources.chat.completions.completions.Completions object at 0x117ee8dd0>,)
           └ <function Completions.create at 0x117974930>
  File "/Library/Frameworks/Python.framework/Versions/3.14/lib/python3.14/site-packages/openai/resources/chat/completions/completions.py", line 1147, in create
    return self._post(
           │    └ <bound method SyncAPIClient.post of <openai.OpenAI object at 0x117eb8490>>
           └ <openai.resources.chat.completions.completions.Completions object at 0x117ee8dd0>
  File "/Library/Frameworks/Python.framework/Versions/3.14/lib/python3.14/site-packages/openai/_base_client.py", line 1259, in post
    return cast(ResponseT, self.request(cast_to, opts, stream=stream, stream_cls=stream_cls))
           │    │          │    │       │        │            │                  └ openai.Stream[openai.types.chat.chat_completion_chunk.ChatCompletionChunk]
           │    │          │    │       │        │            └ False
           │    │          │    │       │        └ FinalRequestOptions(method='post', url='/chat/completions', params={}, headers=NOT_GIVEN, max_retries=NOT_GIVEN, timeout=NOT_...
           │    │          │    │       └ <class 'openai.types.chat.chat_completion.ChatCompletion'>
           │    │          │    └ <function SyncAPIClient.request at 0x1111a90c0>
           │    │          └ <openai.OpenAI object at 0x117eb8490>
           │    └ ~ResponseT
           └ <function cast at 0x10de9a090>
  File "/Library/Frameworks/Python.framework/Versions/3.14/lib/python3.14/site-packages/openai/_base_client.py", line 1047, in request
    raise self._make_status_error_from_response(err.response) from None
          │    └ <function BaseClient._make_status_error_from_response at 0x11119de80>
          └ <openai.OpenAI object at 0x117eb8490>

[31m[1mopenai.BadRequestError[0m:[1m Error code: 400 - {'error': {'message': 'Access denied, please make sure your account is in good standing. For details, see: https://help.aliyun.com/zh/model-studio/error-code#overdue-payment', 'type': 'Arrearage', 'param': None, 'code': 'Arrearage'}, 'id': 'chatcmpl-b4f5b1fd-ce11-9d00-9437-60aeaa48edca', 'request_id': 'b4f5b1fd-ce11-9d00-9437-60aeaa48edca'}[0m


[1mDuring handling of the above exception, another exception occurred:[0m


[33m[1mTraceback (most recent call last):[0m

  File "/Library/Frameworks/Python.framework/Versions/3.14/lib/python3.14/threading.py", line 1044, in _bootstrap
    self._bootstrap_inner()
    │    └ <function Thread._bootstrap_inner at 0x10db12400>
    └ <WorkerThread(AnyIO worker thread, started 123145342570496)>
  File "/Library/Frameworks/Python.framework/Versions/3.14/lib/python3.14/threading.py", line 1082, in _bootstrap_inner
    self._context.run(self.run)
    │    │        │   │    └ <function WorkerThread.run at 0x11783c250>
    │    │        │   └ <WorkerThread(AnyIO worker thread, started 123145342570496)>
    │    │        └ <method 'run' of '_contextvars.Context' objects>
    │    └ <_contextvars.Context object at 0x1178423c0>
    └ <WorkerThread(AnyIO worker thread, started 123145342570496)>
  File "/Library/Frameworks/Python.framework/Versions/3.14/lib/python3.14/site-packages/anyio/_backends/_asyncio.py", line 1002, in run
    result = context.run(func, *args)
             │       │   │      └ (<generator object create_app.<locals>.stream_research.<locals>.event_iterator at 0x117ebace0>,)
             │       │   └ <function _next at 0x10f53b480>
             │       └ <method 'run' of '_contextvars.Context' objects>
             └ <_contextvars.Context object at 0x117d72080>
  File "/Library/Frameworks/Python.framework/Versions/3.14/lib/python3.14/site-packages/starlette/concurrency.py", line 44, in _next
    return next(iterator)
                └ <generator object create_app.<locals>.stream_research.<locals>.event_iterator at 0x117ebace0>

> File "[32m/Users/cammy/Documents/Cammy2026/AI_Agent/hello-world/Smart_Recipe_Assistant/backend/src/[0m[32m[1mmain.py[0m", line [33m173[0m, in [35mevent_iterator[0m
    [35m[1mfor[0m [1mevent[0m [35m[1min[0m [1magent[0m[35m[1m.[0m[1mrun_stream[0m[1m([0m[1mpayload[0m[35m[1m.[0m[1mtopic[0m[1m)[0m[1m:[0m
    [36m    │        │     │          │       └ [0m[36m[1m'低脂不辣，现有食材 番茄 土豆'[0m
    [36m    │        │     │          └ [0m[36m[1mResearchRequest(topic='低脂不辣，现有食材 番茄 土豆', search_api=None)[0m
    [36m    │        │     └ [0m[36m[1m<function DeepResearchAgent.run_stream at 0x11703ecf0>[0m
    [36m    │        └ [0m[36m[1m<agent.DeepResearchAgent object at 0x117eb89e0>[0m
    [36m    └ [0m[36m[1m{'type': 'status', 'message': '初始化菜谱分析流程'}[0m

  File "[32m/Users/cammy/Documents/Cammy2026/AI_Agent/hello-world/Smart_Recipe_Assistant/backend/src/[0m[32m[1magent.py[0m", line [33m160[0m, in [35mrun_stream[0m
    [1mstate[0m[35m[1m.[0m[1mtodo_items[0m [35m[1m=[0m [1mself[0m[35m[1m.[0m[1mplanner[0m[35m[1m.[0m[1mplan_todo_list[0m[1m([0m[1mstate[0m[1m)[0m
    [36m│                  │    │       │              └ [0m[36m[1mSummaryState(user_requirement='低脂不辣，现有食材 番茄 土豆', allergy_list=[], exist_ingredients=[], dish_list=[], all_search_context=[], ...[0m
    [36m│                  │    │       └ [0m[36m[1m<function PlanningService.plan_todo_list at 0x11700fe20>[0m
    [36m│                  │    └ [0m[36m[1m<services.planner.PlanningService object at 0x117eba9c0>[0m
    [36m│                  └ [0m[36m[1m<agent.DeepResearchAgent object at 0x117eb89e0>[0m
    [36m└ [0m[36m[1mSummaryState(user_requirement='低脂不辣，现有食材 番茄 土豆', allergy_list=[], exist_ingredients=[], dish_list=[], all_search_context=[], ...[0m

  File "[32m/Users/cammy/Documents/Cammy2026/AI_Agent/hello-world/Smart_Recipe_Assistant/backend/src/services/[0m[32m[1mplanner.py[0m", line [33m39[0m, in [35mplan_todo_list[0m
    [1mresponse[0m [35m[1m=[0m [1mself[0m[35m[1m.[0m[1m_agent[0m[35m[1m.[0m[1mrun[0m[1m([0m[1mprompt[0m[1m)[0m
    [36m           │    │      │   └ [0m[36m[1m'\n\n<CONTEXT>\n当前日期：June 24, 2026\n用户用餐需求：低脂不辣，现有食材 番茄 土豆\n</CONTEXT>\n\n<FORMAT>\n请严格以 JSON 格式回复：\n{\n  "tasks": [\n    {\n...[0m
    [36m           │    │      └ [0m[36m[1m<function SimpleAgent.run at 0x1113a31c0>[0m
    [36m           │    └ [0m[36m[1mAgent(name=菜谱规划专家, provider=qwen)[0m
    [36m           └ [0m[36m[1m<services.planner.PlanningService object at 0x117eba9c0>[0m

  File "/Library/Frameworks/Python.framework/Versions/3.14/lib/python3.14/site-packages/hello_agents/agents/simple_agent.py", line 285, in run
    response = self.llm.invoke(messages, **kwargs)
               │    │   │      │           └ {}
               │    │   │      └ [{'role': 'system', 'content': '你是一名专业菜谱规划专家，将用户用餐需求拆解成数量合理、搭配互补的做菜子任务。\n- 菜品之间荤素均衡、做法不重复、烹饪时长适配整体节奏；\n- 每个菜品任务具备明确用餐目标与精准搜索关...
               │    │   └ <function HelloAgentsLLM.invoke at 0x1113a16f0>
               │    └ <hello_agents.core.llm.HelloAgentsLLM object at 0x117eb9e10>
               └ Agent(name=菜谱规划专家, provider=qwen)
  File "/Library/Frameworks/Python.framework/Versions/3.14/lib/python3.14/site-packages/hello_agents/core/llm.py", line 335, in invoke
    raise HelloAgentsException(f"LLM调用失败: {str(e)}")
          └ <class 'hello_agents.core.exceptions.HelloAgentsException'>

[31m[1mhello_agents.core.exceptions.HelloAgentsException[0m:[1m LLM调用失败: Error code: 400 - {'error': {'message': 'Access denied, please make sure your account is in good standing. For details, see: https://help.aliyun.com/zh/model-studio/error-code#overdue-payment', 'type': 'Arrearage', 'param': None, 'code': 'Arrearage'}, 'id': 'chatcmpl-b4f5b1fd-ce11-9d00-9437-60aeaa48edca', 'request_id': 'b4f5b1fd-ce11-9d00-9437-60aeaa48edca'}[0m
[32m2026-06-24 14:57:06[0m | [31m[1mERROR[0m | [36musing_function:event_iterator[0m | [36mmain.py:176[0m | [31m[1mStreaming research failed[0m
[33m[1mTraceback (most recent call last):[0m

  File "/Library/Frameworks/Python.framework/Versions/3.14/lib/python3.14/site-packages/hello_agents/core/llm.py", line 326, in invoke
    response = self._client.chat.completions.create(
               │    │       │    │           └ <function Completions.create at 0x117974a90>
               │    │       │    └ <openai.resources.chat.completions.completions.Completions object at 0x117ebb020>
               │    │       └ <openai.resources.chat.chat.Chat object at 0x117ebb240>
               │    └ <openai.OpenAI object at 0x117ecd050>
               └ <hello_agents.core.llm.HelloAgentsLLM object at 0x117ecde50>
  File "/Library/Frameworks/Python.framework/Versions/3.14/lib/python3.14/site-packages/openai/_utils/_utils.py", line 286, in wrapper
    return func(*args, **kwargs)
           │     │       └ {'model': 'qwen-turbo', 'messages': [{'role': 'system', 'content': '你是一名专业菜谱规划专家，将用户用餐需求拆解成数量合理、搭配互补的做菜子任务。\n- 菜品之间荤素均衡、做法不重复...
           │     └ (<openai.resources.chat.completions.completions.Completions object at 0x117ebb020>,)
           └ <function Completions.create at 0x117974930>
  File "/Library/Frameworks/Python.framework/Versions/3.14/lib/python3.14/site-packages/openai/resources/chat/completions/completions.py", line 1147, in create
    return self._post(
           │    └ <bound method SyncAPIClient.post of <openai.OpenAI object at 0x117ecd050>>
           └ <openai.resources.chat.completions.completions.Completions object at 0x117ebb020>
  File "/Library/Frameworks/Python.framework/Versions/3.14/lib/python3.14/site-packages/openai/_base_client.py", line 1259, in post
    return cast(ResponseT, self.request(cast_to, opts, stream=stream, stream_cls=stream_cls))
           │    │          │    │       │        │            │                  └ openai.Stream[openai.types.chat.chat_completion_chunk.ChatCompletionChunk]
           │    │          │    │       │        │            └ False
           │    │          │    │       │        └ FinalRequestOptions(method='post', url='/chat/completions', params={}, headers=NOT_GIVEN, max_retries=NOT_GIVEN, timeout=NOT_...
           │    │          │    │       └ <class 'openai.types.chat.chat_completion.ChatCompletion'>
           │    │          │    └ <function SyncAPIClient.request at 0x1111a90c0>
           │    │          └ <openai.OpenAI object at 0x117ecd050>
           │    └ ~ResponseT
           └ <function cast at 0x10de9a090>
  File "/Library/Frameworks/Python.framework/Versions/3.14/lib/python3.14/site-packages/openai/_base_client.py", line 1047, in request
    raise self._make_status_error_from_response(err.response) from None
          │    └ <function BaseClient._make_status_error_from_response at 0x11119de80>
          └ <openai.OpenAI object at 0x117ecd050>

[31m[1mopenai.BadRequestError[0m:[1m Error code: 400 - {'error': {'message': 'Access denied, please make sure your account is in good standing. For details, see: https://help.aliyun.com/zh/model-studio/error-code#overdue-payment', 'type': 'Arrearage', 'param': None, 'code': 'Arrearage'}, 'id': 'chatcmpl-95307e05-523b-976a-b835-c5fe01c0ca4d', 'request_id': '95307e05-523b-976a-b835-c5fe01c0ca4d'}[0m


[1mDuring handling of the above exception, another exception occurred:[0m


[33m[1mTraceback (most recent call last):[0m

  File "/Library/Frameworks/Python.framework/Versions/3.14/lib/python3.14/threading.py", line 1044, in _bootstrap
    self._bootstrap_inner()
    │    └ <function Thread._bootstrap_inner at 0x10db12400>
    └ <WorkerThread(AnyIO worker thread, started 123145342570496)>
  File "/Library/Frameworks/Python.framework/Versions/3.14/lib/python3.14/threading.py", line 1082, in _bootstrap_inner
    self._context.run(self.run)
    │    │        │   │    └ <function WorkerThread.run at 0x11783c250>
    │    │        │   └ <WorkerThread(AnyIO worker thread, started 123145342570496)>
    │    │        └ <method 'run' of '_contextvars.Context' objects>
    │    └ <_contextvars.Context object at 0x1178423c0>
    └ <WorkerThread(AnyIO worker thread, started 123145342570496)>
  File "/Library/Frameworks/Python.framework/Versions/3.14/lib/python3.14/site-packages/anyio/_backends/_asyncio.py", line 1002, in run
    result = context.run(func, *args)
             │       │   │      └ (<generator object create_app.<locals>.stream_research.<locals>.event_iterator at 0x117e17de0>,)
             │       │   └ <function _next at 0x10f53b480>
             │       └ <method 'run' of '_contextvars.Context' objects>
             └ <_contextvars.Context object at 0x1172b7900>
  File "/Library/Frameworks/Python.framework/Versions/3.14/lib/python3.14/site-packages/starlette/concurrency.py", line 44, in _next
    return next(iterator)
                └ <generator object create_app.<locals>.stream_research.<locals>.event_iterator at 0x117e17de0>

> File "[32m/Users/cammy/Documents/Cammy2026/AI_Agent/hello-world/Smart_Recipe_Assistant/backend/src/[0m[32m[1mmain.py[0m", line [33m173[0m, in [35mevent_iterator[0m
    [35m[1mfor[0m [1mevent[0m [35m[1min[0m [1magent[0m[35m[1m.[0m[1mrun_stream[0m[1m([0m[1mpayload[0m[35m[1m.[0m[1mtopic[0m[1m)[0m[1m:[0m
    [36m    │        │     │          │       └ [0m[36m[1m'低脂不辣，现有食材 番茄 土豆'[0m
    [36m    │        │     │          └ [0m[36m[1mResearchRequest(topic='低脂不辣，现有食材 番茄 土豆', search_api=None)[0m
    [36m    │        │     └ [0m[36m[1m<function DeepResearchAgent.run_stream at 0x11703ecf0>[0m
    [36m    │        └ [0m[36m[1m<agent.DeepResearchAgent object at 0x117ecd250>[0m
    [36m    └ [0m[36m[1m{'type': 'status', 'message': '初始化菜谱分析流程'}[0m

  File "[32m/Users/cammy/Documents/Cammy2026/AI_Agent/hello-world/Smart_Recipe_Assistant/backend/src/[0m[32m[1magent.py[0m", line [33m160[0m, in [35mrun_stream[0m
    [1mstate[0m[35m[1m.[0m[1mtodo_items[0m [35m[1m=[0m [1mself[0m[35m[1m.[0m[1mplanner[0m[35m[1m.[0m[1mplan_todo_list[0m[1m([0m[1mstate[0m[1m)[0m
    [36m│                  │    │       │              └ [0m[36m[1mSummaryState(user_requirement='低脂不辣，现有食材 番茄 土豆', allergy_list=[], exist_ingredients=[], dish_list=[], all_search_context=[], ...[0m
    [36m│                  │    │       └ [0m[36m[1m<function PlanningService.plan_todo_list at 0x11700fe20>[0m
    [36m│                  │    └ [0m[36m[1m<services.planner.PlanningService object at 0x117ecc350>[0m
    [36m│                  └ [0m[36m[1m<agent.DeepResearchAgent object at 0x117ecd250>[0m
    [36m└ [0m[36m[1mSummaryState(user_requirement='低脂不辣，现有食材 番茄 土豆', allergy_list=[], exist_ingredients=[], dish_list=[], all_search_context=[], ...[0m

  File "[32m/Users/cammy/Documents/Cammy2026/AI_Agent/hello-world/Smart_Recipe_Assistant/backend/src/services/[0m[32m[1mplanner.py[0m", line [33m39[0m, in [35mplan_todo_list[0m
    [1mresponse[0m [35m[1m=[0m [1mself[0m[35m[1m.[0m[1m_agent[0m[35m[1m.[0m[1mrun[0m[1m([0m[1mprompt[0m[1m)[0m
    [36m           │    │      │   └ [0m[36m[1m'\n\n<CONTEXT>\n当前日期：June 24, 2026\n用户用餐需求：低脂不辣，现有食材 番茄 土豆\n</CONTEXT>\n\n<FORMAT>\n请严格以 JSON 格式回复：\n{\n  "tasks": [\n    {\n...[0m
    [36m           │    │      └ [0m[36m[1m<function SimpleAgent.run at 0x1113a31c0>[0m
    [36m           │    └ [0m[36m[1mAgent(name=菜谱规划专家, provider=qwen)[0m
    [36m           └ [0m[36m[1m<services.planner.PlanningService object at 0x117ecc350>[0m

  File "/Library/Frameworks/Python.framework/Versions/3.14/lib/python3.14/site-packages/hello_agents/agents/simple_agent.py", line 285, in run
    response = self.llm.invoke(messages, **kwargs)
               │    │   │      │           └ {}
               │    │   │      └ [{'role': 'system', 'content': '你是一名专业菜谱规划专家，将用户用餐需求拆解成数量合理、搭配互补的做菜子任务。\n- 菜品之间荤素均衡、做法不重复、烹饪时长适配整体节奏；\n- 每个菜品任务具备明确用餐目标与精准搜索关...
               │    │   └ <function HelloAgentsLLM.invoke at 0x1113a16f0>
               │    └ <hello_agents.core.llm.HelloAgentsLLM object at 0x117ecde50>
               └ Agent(name=菜谱规划专家, provider=qwen)
  File "/Library/Frameworks/Python.framework/Versions/3.14/lib/python3.14/site-packages/hello_agents/core/llm.py", line 335, in invoke
    raise HelloAgentsException(f"LLM调用失败: {str(e)}")
          └ <class 'hello_agents.core.exceptions.HelloAgentsException'>

[31m[1mhello_agents.core.exceptions.HelloAgentsException[0m:[1m LLM调用失败: Error code: 400 - {'error': {'message': 'Access denied, please make sure your account is in good standing. For details, see: https://help.aliyun.com/zh/model-studio/error-code#overdue-payment', 'type': 'Arrearage', 'param': None, 'code': 'Arrearage'}, 'id': 'chatcmpl-95307e05-523b-976a-b835-c5fe01c0ca4d', 'request_id': '95307e05-523b-976a-b835-c5fe01c0ca4d'}[0m
[32m2026-06-24 14:57:06[0m | [31m[1mERROR[0m | [36musing_function:event_iterator[0m | [36mmain.py:176[0m | [31m[1mStreaming research failed[0m
[33m[1mTraceback (most recent call last):[0m

  File "/Library/Frameworks/Python.framework/Versions/3.14/lib/python3.14/site-packages/hello_agents/core/llm.py", line 326, in invoke
    response = self._client.chat.completions.create(
               │    │       │    │           └ <function Completions.create at 0x117974a90>
               │    │       │    └ <openai.resources.chat.completions.completions.Completions object at 0x117ebb020>
               │    │       └ <openai.resources.chat.chat.Chat object at 0x117ebb240>
               │    └ <openai.OpenAI object at 0x117ecd050>
               └ <hello_agents.core.llm.HelloAgentsLLM object at 0x117ecde50>
  File "/Library/Frameworks/Python.framework/Versions/3.14/lib/python3.14/site-packages/openai/_utils/_utils.py", line 286, in wrapper
    return func(*args, **kwargs)
           │     │       └ {'model': 'qwen-turbo', 'messages': [{'role': 'system', 'content': '你是一名专业菜谱规划专家，将用户用餐需求拆解成数量合理、搭配互补的做菜子任务。\n- 菜品之间荤素均衡、做法不重复...
           │     └ (<openai.resources.chat.completions.completions.Completions object at 0x117ebb020>,)
           └ <function Completions.create at 0x117974930>
  File "/Library/Frameworks/Python.framework/Versions/3.14/lib/python3.14/site-packages/openai/resources/chat/completions/completions.py", line 1147, in create
    return self._post(
           │    └ <bound method SyncAPIClient.post of <openai.OpenAI object at 0x117ecd050>>
           └ <openai.resources.chat.completions.completions.Completions object at 0x117ebb020>
  File "/Library/Frameworks/Python.framework/Versions/3.14/lib/python3.14/site-packages/openai/_base_client.py", line 1259, in post
    return cast(ResponseT, self.request(cast_to, opts, stream=stream, stream_cls=stream_cls))
           │    │          │    │       │        │            │                  └ openai.Stream[openai.types.chat.chat_completion_chunk.ChatCompletionChunk]
           │    │          │    │       │        │            └ False
           │    │          │    │       │        └ FinalRequestOptions(method='post', url='/chat/completions', params={}, headers=NOT_GIVEN, max_retries=NOT_GIVEN, timeout=NOT_...
           │    │          │    │       └ <class 'openai.types.chat.chat_completion.ChatCompletion'>
           │    │          │    └ <function SyncAPIClient.request at 0x1111a90c0>
           │    │          └ <openai.OpenAI object at 0x117ecd050>
           │    └ ~ResponseT
           └ <function cast at 0x10de9a090>
  File "/Library/Frameworks/Python.framework/Versions/3.14/lib/python3.14/site-packages/openai/_base_client.py", line 1047, in request
    raise self._make_status_error_from_response(err.response) from None
          │    └ <function BaseClient._make_status_error_from_response at 0x11119de80>
          └ <openai.OpenAI object at 0x117ecd050>

[31m[1mopenai.BadRequestError[0m:[1m Error code: 400 - {'error': {'message': 'Access denied, please make sure your account is in good standing. For details, see: https://help.aliyun.com/zh/model-studio/error-code#overdue-payment', 'type': 'Arrearage', 'param': None, 'code': 'Arrearage'}, 'id': 'chatcmpl-95307e05-523b-976a-b835-c5fe01c0ca4d', 'request_id': '95307e05-523b-976a-b835-c5fe01c0ca4d'}[0m


[1mDuring handling of the above exception, another exception occurred:[0m


[33m[1mTraceback (most recent call last):[0m

  File "/Library/Frameworks/Python.framework/Versions/3.14/lib/python3.14/threading.py", line 1044, in _bootstrap
    self._bootstrap_inner()
    │    └ <function Thread._bootstrap_inner at 0x10db12400>
    └ <WorkerThread(AnyIO worker thread, started 123145342570496)>
  File "/Library/Frameworks/Python.framework/Versions/3.14/lib/python3.14/threading.py", line 1082, in _bootstrap_inner
    self._context.run(self.run)
    │    │        │   │    └ <function WorkerThread.run at 0x11783c250>
    │    │        │   └ <WorkerThread(AnyIO worker thread, started 123145342570496)>
    │    │        └ <method 'run' of '_contextvars.Context' objects>
    │    └ <_contextvars.Context object at 0x1178423c0>
    └ <WorkerThread(AnyIO worker thread, started 123145342570496)>
  File "/Library/Frameworks/Python.framework/Versions/3.14/lib/python3.14/site-packages/anyio/_backends/_asyncio.py", line 1002, in run
    result = context.run(func, *args)
             │       │   │      └ (<generator object create_app.<locals>.stream_research.<locals>.event_iterator at 0x117e17de0>,)
             │       │   └ <function _next at 0x10f53b480>
             │       └ <method 'run' of '_contextvars.Context' objects>
             └ <_contextvars.Context object at 0x1172b7900>
  File "/Library/Frameworks/Python.framework/Versions/3.14/lib/python3.14/site-packages/starlette/concurrency.py", line 44, in _next
    return next(iterator)
                └ <generator object create_app.<locals>.stream_research.<locals>.event_iterator at 0x117e17de0>

> File "[32m/Users/cammy/Documents/Cammy2026/AI_Agent/hello-world/Smart_Recipe_Assistant/backend/src/[0m[32m[1mmain.py[0m", line [33m173[0m, in [35mevent_iterator[0m
    [35m[1mfor[0m [1mevent[0m [35m[1min[0m [1magent[0m[35m[1m.[0m[1mrun_stream[0m[1m([0m[1mpayload[0m[35m[1m.[0m[1mtopic[0m[1m)[0m[1m:[0m
    [36m    │        │     │          │       └ [0m[36m[1m'低脂不辣，现有食材 番茄 土豆'[0m
    [36m    │        │     │          └ [0m[36m[1mResearchRequest(topic='低脂不辣，现有食材 番茄 土豆', search_api=None)[0m
    [36m    │        │     └ [0m[36m[1m<function DeepResearchAgent.run_stream at 0x11703ecf0>[0m
    [36m    │        └ [0m[36m[1m<agent.DeepResearchAgent object at 0x117ecd250>[0m
    [36m    └ [0m[36m[1m{'type': 'status', 'message': '初始化菜谱分析流程'}[0m

  File "[32m/Users/cammy/Documents/Cammy2026/AI_Agent/hello-world/Smart_Recipe_Assistant/backend/src/[0m[32m[1magent.py[0m", line [33m160[0m, in [35mrun_stream[0m
    [1mstate[0m[35m[1m.[0m[1mtodo_items[0m [35m[1m=[0m [1mself[0m[35m[1m.[0m[1mplanner[0m[35m[1m.[0m[1mplan_todo_list[0m[1m([0m[1mstate[0m[1m)[0m
    [36m│                  │    │       │              └ [0m[36m[1mSummaryState(user_requirement='低脂不辣，现有食材 番茄 土豆', allergy_list=[], exist_ingredients=[], dish_list=[], all_search_context=[], ...[0m
    [36m│                  │    │       └ [0m[36m[1m<function PlanningService.plan_todo_list at 0x11700fe20>[0m
    [36m│                  │    └ [0m[36m[1m<services.planner.PlanningService object at 0x117ecc350>[0m
    [36m│                  └ [0m[36m[1m<agent.DeepResearchAgent object at 0x117ecd250>[0m
    [36m└ [0m[36m[1mSummaryState(user_requirement='低脂不辣，现有食材 番茄 土豆', allergy_list=[], exist_ingredients=[], dish_list=[], all_search_context=[], ...[0m

  File "[32m/Users/cammy/Documents/Cammy2026/AI_Agent/hello-world/Smart_Recipe_Assistant/backend/src/services/[0m[32m[1mplanner.py[0m", line [33m39[0m, in [35mplan_todo_list[0m
    [1mresponse[0m [35m[1m=[0m [1mself[0m[35m[1m.[0m[1m_agent[0m[35m[1m.[0m[1mrun[0m[1m([0m[1mprompt[0m[1m)[0m
    [36m           │    │      │   └ [0m[36m[1m'\n\n<CONTEXT>\n当前日期：June 24, 2026\n用户用餐需求：低脂不辣，现有食材 番茄 土豆\n</CONTEXT>\n\n<FORMAT>\n请严格以 JSON 格式回复：\n{\n  "tasks": [\n    {\n...[0m
    [36m           │    │      └ [0m[36m[1m<function SimpleAgent.run at 0x1113a31c0>[0m
    [36m           │    └ [0m[36m[1mAgent(name=菜谱规划专家, provider=qwen)[0m
    [36m           └ [0m[36m[1m<services.planner.PlanningService object at 0x117ecc350>[0m

  File "/Library/Frameworks/Python.framework/Versions/3.14/lib/python3.14/site-packages/hello_agents/agents/simple_agent.py", line 285, in run
    response = self.llm.invoke(messages, **kwargs)
               │    │   │      │           └ {}
               │    │   │      └ [{'role': 'system', 'content': '你是一名专业菜谱规划专家，将用户用餐需求拆解成数量合理、搭配互补的做菜子任务。\n- 菜品之间荤素均衡、做法不重复、烹饪时长适配整体节奏；\n- 每个菜品任务具备明确用餐目标与精准搜索关...
               │    │   └ <function HelloAgentsLLM.invoke at 0x1113a16f0>
               │    └ <hello_agents.core.llm.HelloAgentsLLM object at 0x117ecde50>
               └ Agent(name=菜谱规划专家, provider=qwen)
  File "/Library/Frameworks/Python.framework/Versions/3.14/lib/python3.14/site-packages/hello_agents/core/llm.py", line 335, in invoke
    raise HelloAgentsException(f"LLM调用失败: {str(e)}")
          └ <class 'hello_agents.core.exceptions.HelloAgentsException'>

[31m[1mhello_agents.core.exceptions.HelloAgentsException[0m:[1m LLM调用失败: Error code: 400 - {'error': {'message': 'Access denied, please make sure your account is in good standing. For details, see: https://help.aliyun.com/zh/model-studio/error-code#overdue-payment', 'type': 'Arrearage', 'param': None, 'code': 'Arrearage'}, 'id': 'chatcmpl-95307e05-523b-976a-b835-c5fe01c0ca4d', 'request_id': '95307e05-523b-976a-b835-c5fe01c0ca4d'}[0m
[32m2026-06-24 14:57:18[0m | [31m[1mERROR[0m | [36musing_function:event_iterator[0m | [36mmain.py:176[0m | [31m[1mStreaming research failed[0m
[33m[1mTraceback (most recent call last):[0m

  File "/Library/Frameworks/Python.framework/Versions/3.14/lib/python3.14/site-packages/hello_agents/core/llm.py", line 326, in invoke
    response = self._client.chat.completions.create(
               │    │       │    │           └ <function Completions.create at 0x117974a90>
               │    │       │    └ <openai.resources.chat.completions.completions.Completions object at 0x117e17240>
               │    │       └ <openai.resources.chat.chat.Chat object at 0x117e17680>
               │    └ <openai.OpenAI object at 0x117ef5220>
               └ <hello_agents.core.llm.HelloAgentsLLM object at 0x117ef5130>
  File "/Library/Frameworks/Python.framework/Versions/3.14/lib/python3.14/site-packages/openai/_utils/_utils.py", line 286, in wrapper
    return func(*args, **kwargs)
           │     │       └ {'model': 'qwen-turbo', 'messages': [{'role': 'system', 'content': '你是一名专业菜谱规划专家，将用户用餐需求拆解成数量合理、搭配互补的做菜子任务。\n- 菜品之间荤素均衡、做法不重复...
           │     └ (<openai.resources.chat.completions.completions.Completions object at 0x117e17240>,)
           └ <function Completions.create at 0x117974930>
  File "/Library/Frameworks/Python.framework/Versions/3.14/lib/python3.14/site-packages/openai/resources/chat/completions/completions.py", line 1147, in create
    return self._post(
           │    └ <bound method SyncAPIClient.post of <openai.OpenAI object at 0x117ef5220>>
           └ <openai.resources.chat.completions.completions.Completions object at 0x117e17240>
  File "/Library/Frameworks/Python.framework/Versions/3.14/lib/python3.14/site-packages/openai/_base_client.py", line 1259, in post
    return cast(ResponseT, self.request(cast_to, opts, stream=stream, stream_cls=stream_cls))
           │    │          │    │       │        │            │                  └ openai.Stream[openai.types.chat.chat_completion_chunk.ChatCompletionChunk]
           │    │          │    │       │        │            └ False
           │    │          │    │       │        └ FinalRequestOptions(method='post', url='/chat/completions', params={}, headers=NOT_GIVEN, max_retries=NOT_GIVEN, timeout=NOT_...
           │    │          │    │       └ <class 'openai.types.chat.chat_completion.ChatCompletion'>
           │    │          │    └ <function SyncAPIClient.request at 0x1111a90c0>
           │    │          └ <openai.OpenAI object at 0x117ef5220>
           │    └ ~ResponseT
           └ <function cast at 0x10de9a090>
  File "/Library/Frameworks/Python.framework/Versions/3.14/lib/python3.14/site-packages/openai/_base_client.py", line 1047, in request
    raise self._make_status_error_from_response(err.response) from None
          │    └ <function BaseClient._make_status_error_from_response at 0x11119de80>
          └ <openai.OpenAI object at 0x117ef5220>

[31m[1mopenai.BadRequestError[0m:[1m Error code: 400 - {'error': {'message': 'Access denied, please make sure your account is in good standing. For details, see: https://help.aliyun.com/zh/model-studio/error-code#overdue-payment', 'type': 'Arrearage', 'param': None, 'code': 'Arrearage'}, 'id': 'chatcmpl-e5eea1e5-5d6c-96e8-9067-af073b24bf3a', 'request_id': 'e5eea1e5-5d6c-96e8-9067-af073b24bf3a'}[0m


[1mDuring handling of the above exception, another exception occurred:[0m


[33m[1mTraceback (most recent call last):[0m

  File "/Library/Frameworks/Python.framework/Versions/3.14/lib/python3.14/threading.py", line 1044, in _bootstrap
    self._bootstrap_inner()
    │    └ <function Thread._bootstrap_inner at 0x10db12400>
    └ <WorkerThread(AnyIO worker thread, started 123145359360000)>
  File "/Library/Frameworks/Python.framework/Versions/3.14/lib/python3.14/threading.py", line 1082, in _bootstrap_inner
    self._context.run(self.run)
    │    │        │   │    └ <function WorkerThread.run at 0x11783c250>
    │    │        │   └ <WorkerThread(AnyIO worker thread, started 123145359360000)>
    │    │        └ <method 'run' of '_contextvars.Context' objects>
    │    └ <_contextvars.Context object at 0x117e79940>
    └ <WorkerThread(AnyIO worker thread, started 123145359360000)>
  File "/Library/Frameworks/Python.framework/Versions/3.14/lib/python3.14/site-packages/anyio/_backends/_asyncio.py", line 1002, in run
    result = context.run(func, *args)
             │       │   │      └ (<generator object create_app.<locals>.stream_research.<locals>.event_iterator at 0x117e17890>,)
             │       │   └ <function _next at 0x10f53b480>
             │       └ <method 'run' of '_contextvars.Context' objects>
             └ <_contextvars.Context object at 0x1178438c0>
  File "/Library/Frameworks/Python.framework/Versions/3.14/lib/python3.14/site-packages/starlette/concurrency.py", line 44, in _next
    return next(iterator)
                └ <generator object create_app.<locals>.stream_research.<locals>.event_iterator at 0x117e17890>

> File "[32m/Users/cammy/Documents/Cammy2026/AI_Agent/hello-world/Smart_Recipe_Assistant/backend/src/[0m[32m[1mmain.py[0m", line [33m173[0m, in [35mevent_iterator[0m
    [35m[1mfor[0m [1mevent[0m [35m[1min[0m [1magent[0m[35m[1m.[0m[1mrun_stream[0m[1m([0m[1mpayload[0m[35m[1m.[0m[1mtopic[0m[1m)[0m[1m:[0m
    [36m    │        │     │          │       └ [0m[36m[1m'低脂不辣，现有食材 番茄 土豆'[0m
    [36m    │        │     │          └ [0m[36m[1mResearchRequest(topic='低脂不辣，现有食材 番茄 土豆', search_api=None)[0m
    [36m    │        │     └ [0m[36m[1m<function DeepResearchAgent.run_stream at 0x11703ecf0>[0m
    [36m    │        └ [0m[36m[1m<agent.DeepResearchAgent object at 0x117ef49b0>[0m
    [36m    └ [0m[36m[1m{'type': 'status', 'message': '初始化菜谱分析流程'}[0m

  File "[32m/Users/cammy/Documents/Cammy2026/AI_Agent/hello-world/Smart_Recipe_Assistant/backend/src/[0m[32m[1magent.py[0m", line [33m160[0m, in [35mrun_stream[0m
    [1mstate[0m[35m[1m.[0m[1mtodo_items[0m [35m[1m=[0m [1mself[0m[35m[1m.[0m[1mplanner[0m[35m[1m.[0m[1mplan_todo_list[0m[1m([0m[1mstate[0m[1m)[0m
    [36m│                  │    │       │              └ [0m[36m[1mSummaryState(user_requirement='低脂不辣，现有食材 番茄 土豆', allergy_list=[], exist_ingredients=[], dish_list=[], all_search_context=[], ...[0m
    [36m│                  │    │       └ [0m[36m[1m<function PlanningService.plan_todo_list at 0x11700fe20>[0m
    [36m│                  │    └ [0m[36m[1m<services.planner.PlanningService object at 0x117e31d60>[0m
    [36m│                  └ [0m[36m[1m<agent.DeepResearchAgent object at 0x117ef49b0>[0m
    [36m└ [0m[36m[1mSummaryState(user_requirement='低脂不辣，现有食材 番茄 土豆', allergy_list=[], exist_ingredients=[], dish_list=[], all_search_context=[], ...[0m

  File "[32m/Users/cammy/Documents/Cammy2026/AI_Agent/hello-world/Smart_Recipe_Assistant/backend/src/services/[0m[32m[1mplanner.py[0m", line [33m39[0m, in [35mplan_todo_list[0m
    [1mresponse[0m [35m[1m=[0m [1mself[0m[35m[1m.[0m[1m_agent[0m[35m[1m.[0m[1mrun[0m[1m([0m[1mprompt[0m[1m)[0m
    [36m           │    │      │   └ [0m[36m[1m'\n\n<CONTEXT>\n当前日期：June 24, 2026\n用户用餐需求：低脂不辣，现有食材 番茄 土豆\n</CONTEXT>\n\n<FORMAT>\n请严格以 JSON 格式回复：\n{\n  "tasks": [\n    {\n...[0m
    [36m           │    │      └ [0m[36m[1m<function SimpleAgent.run at 0x1113a31c0>[0m
    [36m           │    └ [0m[36m[1mAgent(name=菜谱规划专家, provider=qwen)[0m
    [36m           └ [0m[36m[1m<services.planner.PlanningService object at 0x117e31d60>[0m

  File "/Library/Frameworks/Python.framework/Versions/3.14/lib/python3.14/site-packages/hello_agents/agents/simple_agent.py", line 285, in run
    response = self.llm.invoke(messages, **kwargs)
               │    │   │      │           └ {}
               │    │   │      └ [{'role': 'system', 'content': '你是一名专业菜谱规划专家，将用户用餐需求拆解成数量合理、搭配互补的做菜子任务。\n- 菜品之间荤素均衡、做法不重复、烹饪时长适配整体节奏；\n- 每个菜品任务具备明确用餐目标与精准搜索关...
               │    │   └ <function HelloAgentsLLM.invoke at 0x1113a16f0>
               │    └ <hello_agents.core.llm.HelloAgentsLLM object at 0x117ef5130>
               └ Agent(name=菜谱规划专家, provider=qwen)
  File "/Library/Frameworks/Python.framework/Versions/3.14/lib/python3.14/site-packages/hello_agents/core/llm.py", line 335, in invoke
    raise HelloAgentsException(f"LLM调用失败: {str(e)}")
          └ <class 'hello_agents.core.exceptions.HelloAgentsException'>

[31m[1mhello_agents.core.exceptions.HelloAgentsException[0m:[1m LLM调用失败: Error code: 400 - {'error': {'message': 'Access denied, please make sure your account is in good standing. For details, see: https://help.aliyun.com/zh/model-studio/error-code#overdue-payment', 'type': 'Arrearage', 'param': None, 'code': 'Arrearage'}, 'id': 'chatcmpl-e5eea1e5-5d6c-96e8-9067-af073b24bf3a', 'request_id': 'e5eea1e5-5d6c-96e8-9067-af073b24bf3a'}[0m
[32m2026-06-24 14:57:18[0m | [31m[1mERROR[0m | [36musing_function:event_iterator[0m | [36mmain.py:176[0m | [31m[1mStreaming research failed[0m
[33m[1mTraceback (most recent call last):[0m

  File "/Library/Frameworks/Python.framework/Versions/3.14/lib/python3.14/site-packages/hello_agents/core/llm.py", line 326, in invoke
    response = self._client.chat.completions.create(
               │    │       │    │           └ <function Completions.create at 0x117974a90>
               │    │       │    └ <openai.resources.chat.completions.completions.Completions object at 0x117e17240>
               │    │       └ <openai.resources.chat.chat.Chat object at 0x117e17680>
               │    └ <openai.OpenAI object at 0x117ef5220>
               └ <hello_agents.core.llm.HelloAgentsLLM object at 0x117ef5130>
  File "/Library/Frameworks/Python.framework/Versions/3.14/lib/python3.14/site-packages/openai/_utils/_utils.py", line 286, in wrapper
    return func(*args, **kwargs)
           │     │       └ {'model': 'qwen-turbo', 'messages': [{'role': 'system', 'content': '你是一名专业菜谱规划专家，将用户用餐需求拆解成数量合理、搭配互补的做菜子任务。\n- 菜品之间荤素均衡、做法不重复...
           │     └ (<openai.resources.chat.completions.completions.Completions object at 0x117e17240>,)
           └ <function Completions.create at 0x117974930>
  File "/Library/Frameworks/Python.framework/Versions/3.14/lib/python3.14/site-packages/openai/resources/chat/completions/completions.py", line 1147, in create
    return self._post(
           │    └ <bound method SyncAPIClient.post of <openai.OpenAI object at 0x117ef5220>>
           └ <openai.resources.chat.completions.completions.Completions object at 0x117e17240>
  File "/Library/Frameworks/Python.framework/Versions/3.14/lib/python3.14/site-packages/openai/_base_client.py", line 1259, in post
    return cast(ResponseT, self.request(cast_to, opts, stream=stream, stream_cls=stream_cls))
           │    │          │    │       │        │            │                  └ openai.Stream[openai.types.chat.chat_completion_chunk.ChatCompletionChunk]
           │    │          │    │       │        │            └ False
           │    │          │    │       │        └ FinalRequestOptions(method='post', url='/chat/completions', params={}, headers=NOT_GIVEN, max_retries=NOT_GIVEN, timeout=NOT_...
           │    │          │    │       └ <class 'openai.types.chat.chat_completion.ChatCompletion'>
           │    │          │    └ <function SyncAPIClient.request at 0x1111a90c0>
           │    │          └ <openai.OpenAI object at 0x117ef5220>
           │    └ ~ResponseT
           └ <function cast at 0x10de9a090>
  File "/Library/Frameworks/Python.framework/Versions/3.14/lib/python3.14/site-packages/openai/_base_client.py", line 1047, in request
    raise self._make_status_error_from_response(err.response) from None
          │    └ <function BaseClient._make_status_error_from_response at 0x11119de80>
          └ <openai.OpenAI object at 0x117ef5220>

[31m[1mopenai.BadRequestError[0m:[1m Error code: 400 - {'error': {'message': 'Access denied, please make sure your account is in good standing. For details, see: https://help.aliyun.com/zh/model-studio/error-code#overdue-payment', 'type': 'Arrearage', 'param': None, 'code': 'Arrearage'}, 'id': 'chatcmpl-e5eea1e5-5d6c-96e8-9067-af073b24bf3a', 'request_id': 'e5eea1e5-5d6c-96e8-9067-af073b24bf3a'}[0m


[1mDuring handling of the above exception, another exception occurred:[0m


[33m[1mTraceback (most recent call last):[0m

  File "/Library/Frameworks/Python.framework/Versions/3.14/lib/python3.14/threading.py", line 1044, in _bootstrap
    self._bootstrap_inner()
    │    └ <function Thread._bootstrap_inner at 0x10db12400>
    └ <WorkerThread(AnyIO worker thread, started 123145359360000)>
  File "/Library/Frameworks/Python.framework/Versions/3.14/lib/python3.14/threading.py", line 1082, in _bootstrap_inner
    self._context.run(self.run)
    │    │        │   │    └ <function WorkerThread.run at 0x11783c250>
    │    │        │   └ <WorkerThread(AnyIO worker thread, started 123145359360000)>
    │    │        └ <method 'run' of '_contextvars.Context' objects>
    │    └ <_contextvars.Context object at 0x117e79940>
    └ <WorkerThread(AnyIO worker thread, started 123145359360000)>
  File "/Library/Frameworks/Python.framework/Versions/3.14/lib/python3.14/site-packages/anyio/_backends/_asyncio.py", line 1002, in run
    result = context.run(func, *args)
             │       │   │      └ (<generator object create_app.<locals>.stream_research.<locals>.event_iterator at 0x117e17890>,)
             │       │   └ <function _next at 0x10f53b480>
             │       └ <method 'run' of '_contextvars.Context' objects>
             └ <_contextvars.Context object at 0x1178438c0>
  File "/Library/Frameworks/Python.framework/Versions/3.14/lib/python3.14/site-packages/starlette/concurrency.py", line 44, in _next
    return next(iterator)
                └ <generator object create_app.<locals>.stream_research.<locals>.event_iterator at 0x117e17890>

> File "[32m/Users/cammy/Documents/Cammy2026/AI_Agent/hello-world/Smart_Recipe_Assistant/backend/src/[0m[32m[1mmain.py[0m", line [33m173[0m, in [35mevent_iterator[0m
    [35m[1mfor[0m [1mevent[0m [35m[1min[0m [1magent[0m[35m[1m.[0m[1mrun_stream[0m[1m([0m[1mpayload[0m[35m[1m.[0m[1mtopic[0m[1m)[0m[1m:[0m
    [36m    │        │     │          │       └ [0m[36m[1m'低脂不辣，现有食材 番茄 土豆'[0m
    [36m    │        │     │          └ [0m[36m[1mResearchRequest(topic='低脂不辣，现有食材 番茄 土豆', search_api=None)[0m
    [36m    │        │     └ [0m[36m[1m<function DeepResearchAgent.run_stream at 0x11703ecf0>[0m
    [36m    │        └ [0m[36m[1m<agent.DeepResearchAgent object at 0x117ef49b0>[0m
    [36m    └ [0m[36m[1m{'type': 'status', 'message': '初始化菜谱分析流程'}[0m

  File "[32m/Users/cammy/Documents/Cammy2026/AI_Agent/hello-world/Smart_Recipe_Assistant/backend/src/[0m[32m[1magent.py[0m", line [33m160[0m, in [35mrun_stream[0m
    [1mstate[0m[35m[1m.[0m[1mtodo_items[0m [35m[1m=[0m [1mself[0m[35m[1m.[0m[1mplanner[0m[35m[1m.[0m[1mplan_todo_list[0m[1m([0m[1mstate[0m[1m)[0m
    [36m│                  │    │       │              └ [0m[36m[1mSummaryState(user_requirement='低脂不辣，现有食材 番茄 土豆', allergy_list=[], exist_ingredients=[], dish_list=[], all_search_context=[], ...[0m
    [36m│                  │    │       └ [0m[36m[1m<function PlanningService.plan_todo_list at 0x11700fe20>[0m
    [36m│                  │    └ [0m[36m[1m<services.planner.PlanningService object at 0x117e31d60>[0m
    [36m│                  └ [0m[36m[1m<agent.DeepResearchAgent object at 0x117ef49b0>[0m
    [36m└ [0m[36m[1mSummaryState(user_requirement='低脂不辣，现有食材 番茄 土豆', allergy_list=[], exist_ingredients=[], dish_list=[], all_search_context=[], ...[0m

  File "[32m/Users/cammy/Documents/Cammy2026/AI_Agent/hello-world/Smart_Recipe_Assistant/backend/src/services/[0m[32m[1mplanner.py[0m", line [33m39[0m, in [35mplan_todo_list[0m
    [1mresponse[0m [35m[1m=[0m [1mself[0m[35m[1m.[0m[1m_agent[0m[35m[1m.[0m[1mrun[0m[1m([0m[1mprompt[0m[1m)[0m
    [36m           │    │      │   └ [0m[36m[1m'\n\n<CONTEXT>\n当前日期：June 24, 2026\n用户用餐需求：低脂不辣，现有食材 番茄 土豆\n</CONTEXT>\n\n<FORMAT>\n请严格以 JSON 格式回复：\n{\n  "tasks": [\n    {\n...[0m
    [36m           │    │      └ [0m[36m[1m<function SimpleAgent.run at 0x1113a31c0>[0m
    [36m           │    └ [0m[36m[1mAgent(name=菜谱规划专家, provider=qwen)[0m
    [36m           └ [0m[36m[1m<services.planner.PlanningService object at 0x117e31d60>[0m

  File "/Library/Frameworks/Python.framework/Versions/3.14/lib/python3.14/site-packages/hello_agents/agents/simple_agent.py", line 285, in run
    response = self.llm.invoke(messages, **kwargs)
               │    │   │      │           └ {}
               │    │   │      └ [{'role': 'system', 'content': '你是一名专业菜谱规划专家，将用户用餐需求拆解成数量合理、搭配互补的做菜子任务。\n- 菜品之间荤素均衡、做法不重复、烹饪时长适配整体节奏；\n- 每个菜品任务具备明确用餐目标与精准搜索关...
               │    │   └ <function HelloAgentsLLM.invoke at 0x1113a16f0>
               │    └ <hello_agents.core.llm.HelloAgentsLLM object at 0x117ef5130>
               └ Agent(name=菜谱规划专家, provider=qwen)
  File "/Library/Frameworks/Python.framework/Versions/3.14/lib/python3.14/site-packages/hello_agents/core/llm.py", line 335, in invoke
    raise HelloAgentsException(f"LLM调用失败: {str(e)}")
          └ <class 'hello_agents.core.exceptions.HelloAgentsException'>

[31m[1mhello_agents.core.exceptions.HelloAgentsException[0m:[1m LLM调用失败: Error code: 400 - {'error': {'message': 'Access denied, please make sure your account is in good standing. For details, see: https://help.aliyun.com/zh/model-studio/error-code#overdue-payment', 'type': 'Arrearage', 'param': None, 'code': 'Arrearage'}, 'id': 'chatcmpl-e5eea1e5-5d6c-96e8-9067-af073b24bf3a', 'request_id': 'e5eea1e5-5d6c-96e8-9067-af073b24bf3a'}[0m
[32m2026-06-24 14:57:38[0m | [31m[1mERROR[0m | [36musing_function:event_iterator[0m | [36mmain.py:176[0m | [31m[1mStreaming research failed[0m
[33m[1mTraceback (most recent call last):[0m

  File "/Library/Frameworks/Python.framework/Versions/3.14/lib/python3.14/site-packages/hello_agents/core/llm.py", line 326, in invoke
    response = self._client.chat.completions.create(
               │    │       │    │           └ <function Completions.create at 0x117974a90>
               │    │       │    └ <openai.resources.chat.completions.completions.Completions object at 0x117eced50>
               │    │       └ <openai.resources.chat.chat.Chat object at 0x117ecec50>
               │    └ <openai.OpenAI object at 0x117e33980>
               └ <hello_agents.core.llm.HelloAgentsLLM object at 0x117e32c60>
  File "/Library/Frameworks/Python.framework/Versions/3.14/lib/python3.14/site-packages/openai/_utils/_utils.py", line 286, in wrapper
    return func(*args, **kwargs)
           │     │       └ {'model': 'qwen-turbo', 'messages': [{'role': 'system', 'content': '你是一名专业菜谱规划专家，将用户用餐需求拆解成数量合理、搭配互补的做菜子任务。\n- 菜品之间荤素均衡、做法不重复...
           │     └ (<openai.resources.chat.completions.completions.Completions object at 0x117eced50>,)
           └ <function Completions.create at 0x117974930>
  File "/Library/Frameworks/Python.framework/Versions/3.14/lib/python3.14/site-packages/openai/resources/chat/completions/completions.py", line 1147, in create
    return self._post(
           │    └ <bound method SyncAPIClient.post of <openai.OpenAI object at 0x117e33980>>
           └ <openai.resources.chat.completions.completions.Completions object at 0x117eced50>
  File "/Library/Frameworks/Python.framework/Versions/3.14/lib/python3.14/site-packages/openai/_base_client.py", line 1259, in post
    return cast(ResponseT, self.request(cast_to, opts, stream=stream, stream_cls=stream_cls))
           │    │          │    │       │        │            │                  └ openai.Stream[openai.types.chat.chat_completion_chunk.ChatCompletionChunk]
           │    │          │    │       │        │            └ False
           │    │          │    │       │        └ FinalRequestOptions(method='post', url='/chat/completions', params={}, headers=NOT_GIVEN, max_retries=NOT_GIVEN, timeout=NOT_...
           │    │          │    │       └ <class 'openai.types.chat.chat_completion.ChatCompletion'>
           │    │          │    └ <function SyncAPIClient.request at 0x1111a90c0>
           │    │          └ <openai.OpenAI object at 0x117e33980>
           │    └ ~ResponseT
           └ <function cast at 0x10de9a090>
  File "/Library/Frameworks/Python.framework/Versions/3.14/lib/python3.14/site-packages/openai/_base_client.py", line 1047, in request
    raise self._make_status_error_from_response(err.response) from None
          │    └ <function BaseClient._make_status_error_from_response at 0x11119de80>
          └ <openai.OpenAI object at 0x117e33980>

[31m[1mopenai.BadRequestError[0m:[1m Error code: 400 - {'error': {'message': 'Access denied, please make sure your account is in good standing. For details, see: https://help.aliyun.com/zh/model-studio/error-code#overdue-payment', 'type': 'Arrearage', 'param': None, 'code': 'Arrearage'}, 'id': 'chatcmpl-94d26904-0ef9-944c-a44a-c81236d66cf9', 'request_id': '94d26904-0ef9-944c-a44a-c81236d66cf9'}[0m


[1mDuring handling of the above exception, another exception occurred:[0m


[33m[1mTraceback (most recent call last):[0m

  File "/Library/Frameworks/Python.framework/Versions/3.14/lib/python3.14/threading.py", line 1044, in _bootstrap
    self._bootstrap_inner()
    │    └ <function Thread._bootstrap_inner at 0x10db12400>
    └ <WorkerThread(AnyIO worker thread, started 123145359360000)>
  File "/Library/Frameworks/Python.framework/Versions/3.14/lib/python3.14/threading.py", line 1082, in _bootstrap_inner
    self._context.run(self.run)
    │    │        │   │    └ <function WorkerThread.run at 0x11783c250>
    │    │        │   └ <WorkerThread(AnyIO worker thread, started 123145359360000)>
    │    │        └ <method 'run' of '_contextvars.Context' objects>
    │    └ <_contextvars.Context object at 0x117e79940>
    └ <WorkerThread(AnyIO worker thread, started 123145359360000)>
  File "/Library/Frameworks/Python.framework/Versions/3.14/lib/python3.14/site-packages/anyio/_backends/_asyncio.py", line 1002, in run
    result = context.run(func, *args)
             │       │   │      └ (<generator object create_app.<locals>.stream_research.<locals>.event_iterator at 0x117e17560>,)
             │       │   └ <function _next at 0x10f53b480>
             │       └ <method 'run' of '_contextvars.Context' objects>
             └ <_contextvars.Context object at 0x117d72080>
  File "/Library/Frameworks/Python.framework/Versions/3.14/lib/python3.14/site-packages/starlette/concurrency.py", line 44, in _next
    return next(iterator)
                └ <generator object create_app.<locals>.stream_research.<locals>.event_iterator at 0x117e17560>

> File "[32m/Users/cammy/Documents/Cammy2026/AI_Agent/hello-world/Smart_Recipe_Assistant/backend/src/[0m[32m[1mmain.py[0m", line [33m173[0m, in [35mevent_iterator[0m
    [35m[1mfor[0m [1mevent[0m [35m[1min[0m [1magent[0m[35m[1m.[0m[1mrun_stream[0m[1m([0m[1mpayload[0m[35m[1m.[0m[1mtopic[0m[1m)[0m[1m:[0m
    [36m    │        │     │          │       └ [0m[36m[1m'低脂不辣，现有食材 番茄 土豆'[0m
    [36m    │        │     │          └ [0m[36m[1mResearchRequest(topic='低脂不辣，现有食材 番茄 土豆', search_api=None)[0m
    [36m    │        │     └ [0m[36m[1m<function DeepResearchAgent.run_stream at 0x11703ecf0>[0m
    [36m    │        └ [0m[36m[1m<agent.DeepResearchAgent object at 0x117e32b70>[0m
    [36m    └ [0m[36m[1m{'type': 'status', 'message': '初始化菜谱分析流程'}[0m

  File "[32m/Users/cammy/Documents/Cammy2026/AI_Agent/hello-world/Smart_Recipe_Assistant/backend/src/[0m[32m[1magent.py[0m", line [33m160[0m, in [35mrun_stream[0m
    [1mstate[0m[35m[1m.[0m[1mtodo_items[0m [35m[1m=[0m [1mself[0m[35m[1m.[0m[1mplanner[0m[35m[1m.[0m[1mplan_todo_list[0m[1m([0m[1mstate[0m[1m)[0m
    [36m│                  │    │       │              └ [0m[36m[1mSummaryState(user_requirement='低脂不辣，现有食材 番茄 土豆', allergy_list=[], exist_ingredients=[], dish_list=[], all_search_context=[], ...[0m
    [36m│                  │    │       └ [0m[36m[1m<function PlanningService.plan_todo_list at 0x11700fe20>[0m
    [36m│                  │    └ [0m[36m[1m<services.planner.PlanningService object at 0x1174d2d50>[0m
    [36m│                  └ [0m[36m[1m<agent.DeepResearchAgent object at 0x117e32b70>[0m
    [36m└ [0m[36m[1mSummaryState(user_requirement='低脂不辣，现有食材 番茄 土豆', allergy_list=[], exist_ingredients=[], dish_list=[], all_search_context=[], ...[0m

  File "[32m/Users/cammy/Documents/Cammy2026/AI_Agent/hello-world/Smart_Recipe_Assistant/backend/src/services/[0m[32m[1mplanner.py[0m", line [33m39[0m, in [35mplan_todo_list[0m
    [1mresponse[0m [35m[1m=[0m [1mself[0m[35m[1m.[0m[1m_agent[0m[35m[1m.[0m[1mrun[0m[1m([0m[1mprompt[0m[1m)[0m
    [36m           │    │      │   └ [0m[36m[1m'\n\n<CONTEXT>\n当前日期：June 24, 2026\n用户用餐需求：低脂不辣，现有食材 番茄 土豆\n</CONTEXT>\n\n<FORMAT>\n请严格以 JSON 格式回复：\n{\n  "tasks": [\n    {\n...[0m
    [36m           │    │      └ [0m[36m[1m<function SimpleAgent.run at 0x1113a31c0>[0m
    [36m           │    └ [0m[36m[1mAgent(name=菜谱规划专家, provider=qwen)[0m
    [36m           └ [0m[36m[1m<services.planner.PlanningService object at 0x1174d2d50>[0m

  File "/Library/Frameworks/Python.framework/Versions/3.14/lib/python3.14/site-packages/hello_agents/agents/simple_agent.py", line 285, in run
    response = self.llm.invoke(messages, **kwargs)
               │    │   │      │           └ {}
               │    │   │      └ [{'role': 'system', 'content': '你是一名专业菜谱规划专家，将用户用餐需求拆解成数量合理、搭配互补的做菜子任务。\n- 菜品之间荤素均衡、做法不重复、烹饪时长适配整体节奏；\n- 每个菜品任务具备明确用餐目标与精准搜索关...
               │    │   └ <function HelloAgentsLLM.invoke at 0x1113a16f0>
               │    └ <hello_agents.core.llm.HelloAgentsLLM object at 0x117e32c60>
               └ Agent(name=菜谱规划专家, provider=qwen)
  File "/Library/Frameworks/Python.framework/Versions/3.14/lib/python3.14/site-packages/hello_agents/core/llm.py", line 335, in invoke
    raise HelloAgentsException(f"LLM调用失败: {str(e)}")
          └ <class 'hello_agents.core.exceptions.HelloAgentsException'>

[31m[1mhello_agents.core.exceptions.HelloAgentsException[0m:[1m LLM调用失败: Error code: 400 - {'error': {'message': 'Access denied, please make sure your account is in good standing. For details, see: https://help.aliyun.com/zh/model-studio/error-code#overdue-payment', 'type': 'Arrearage', 'param': None, 'code': 'Arrearage'}, 'id': 'chatcmpl-94d26904-0ef9-944c-a44a-c81236d66cf9', 'request_id': '94d26904-0ef9-944c-a44a-c81236d66cf9'}[0m
[32m2026-06-24 14:57:38[0m | [31m[1mERROR[0m | [36musing_function:event_iterator[0m | [36mmain.py:176[0m | [31m[1mStreaming research failed[0m
[33m[1mTraceback (most recent call last):[0m

  File "/Library/Frameworks/Python.framework/Versions/3.14/lib/python3.14/site-packages/hello_agents/core/llm.py", line 326, in invoke
    response = self._client.chat.completions.create(
               │    │       │    │           └ <function Completions.create at 0x117974a90>
               │    │       │    └ <openai.resources.chat.completions.completions.Completions object at 0x117eced50>
               │    │       └ <openai.resources.chat.chat.Chat object at 0x117ecec50>
               │    └ <openai.OpenAI object at 0x117e33980>
               └ <hello_agents.core.llm.HelloAgentsLLM object at 0x117e32c60>
  File "/Library/Frameworks/Python.framework/Versions/3.14/lib/python3.14/site-packages/openai/_utils/_utils.py", line 286, in wrapper
    return func(*args, **kwargs)
           │     │       └ {'model': 'qwen-turbo', 'messages': [{'role': 'system', 'content': '你是一名专业菜谱规划专家，将用户用餐需求拆解成数量合理、搭配互补的做菜子任务。\n- 菜品之间荤素均衡、做法不重复...
           │     └ (<openai.resources.chat.completions.completions.Completions object at 0x117eced50>,)
           └ <function Completions.create at 0x117974930>
  File "/Library/Frameworks/Python.framework/Versions/3.14/lib/python3.14/site-packages/openai/resources/chat/completions/completions.py", line 1147, in create
    return self._post(
           │    └ <bound method SyncAPIClient.post of <openai.OpenAI object at 0x117e33980>>
           └ <openai.resources.chat.completions.completions.Completions object at 0x117eced50>
  File "/Library/Frameworks/Python.framework/Versions/3.14/lib/python3.14/site-packages/openai/_base_client.py", line 1259, in post
    return cast(ResponseT, self.request(cast_to, opts, stream=stream, stream_cls=stream_cls))
           │    │          │    │       │        │            │                  └ openai.Stream[openai.types.chat.chat_completion_chunk.ChatCompletionChunk]
           │    │          │    │       │        │            └ False
           │    │          │    │       │        └ FinalRequestOptions(method='post', url='/chat/completions', params={}, headers=NOT_GIVEN, max_retries=NOT_GIVEN, timeout=NOT_...
           │    │          │    │       └ <class 'openai.types.chat.chat_completion.ChatCompletion'>
           │    │          │    └ <function SyncAPIClient.request at 0x1111a90c0>
           │    │          └ <openai.OpenAI object at 0x117e33980>
           │    └ ~ResponseT
           └ <function cast at 0x10de9a090>
  File "/Library/Frameworks/Python.framework/Versions/3.14/lib/python3.14/site-packages/openai/_base_client.py", line 1047, in request
    raise self._make_status_error_from_response(err.response) from None
          │    └ <function BaseClient._make_status_error_from_response at 0x11119de80>
          └ <openai.OpenAI object at 0x117e33980>

[31m[1mopenai.BadRequestError[0m:[1m Error code: 400 - {'error': {'message': 'Access denied, please make sure your account is in good standing. For details, see: https://help.aliyun.com/zh/model-studio/error-code#overdue-payment', 'type': 'Arrearage', 'param': None, 'code': 'Arrearage'}, 'id': 'chatcmpl-94d26904-0ef9-944c-a44a-c81236d66cf9', 'request_id': '94d26904-0ef9-944c-a44a-c81236d66cf9'}[0m


[1mDuring handling of the above exception, another exception occurred:[0m


[33m[1mTraceback (most recent call last):[0m

  File "/Library/Frameworks/Python.framework/Versions/3.14/lib/python3.14/threading.py", line 1044, in _bootstrap
    self._bootstrap_inner()
    │    └ <function Thread._bootstrap_inner at 0x10db12400>
    └ <WorkerThread(AnyIO worker thread, started 123145359360000)>
  File "/Library/Frameworks/Python.framework/Versions/3.14/lib/python3.14/threading.py", line 1082, in _bootstrap_inner
    self._context.run(self.run)
    │    │        │   │    └ <function WorkerThread.run at 0x11783c250>
    │    │        │   └ <WorkerThread(AnyIO worker thread, started 123145359360000)>
    │    │        └ <method 'run' of '_contextvars.Context' objects>
    │    └ <_contextvars.Context object at 0x117e79940>
    └ <WorkerThread(AnyIO worker thread, started 123145359360000)>
  File "/Library/Frameworks/Python.framework/Versions/3.14/lib/python3.14/site-packages/anyio/_backends/_asyncio.py", line 1002, in run
    result = context.run(func, *args)
             │       │   │      └ (<generator object create_app.<locals>.stream_research.<locals>.event_iterator at 0x117e17560>,)
             │       │   └ <function _next at 0x10f53b480>
             │       └ <method 'run' of '_contextvars.Context' objects>
             └ <_contextvars.Context object at 0x117d72080>
  File "/Library/Frameworks/Python.framework/Versions/3.14/lib/python3.14/site-packages/starlette/concurrency.py", line 44, in _next
    return next(iterator)
                └ <generator object create_app.<locals>.stream_research.<locals>.event_iterator at 0x117e17560>

> File "[32m/Users/cammy/Documents/Cammy2026/AI_Agent/hello-world/Smart_Recipe_Assistant/backend/src/[0m[32m[1mmain.py[0m", line [33m173[0m, in [35mevent_iterator[0m
    [35m[1mfor[0m [1mevent[0m [35m[1min[0m [1magent[0m[35m[1m.[0m[1mrun_stream[0m[1m([0m[1mpayload[0m[35m[1m.[0m[1mtopic[0m[1m)[0m[1m:[0m
    [36m    │        │     │          │       └ [0m[36m[1m'低脂不辣，现有食材 番茄 土豆'[0m
    [36m    │        │     │          └ [0m[36m[1mResearchRequest(topic='低脂不辣，现有食材 番茄 土豆', search_api=None)[0m
    [36m    │        │     └ [0m[36m[1m<function DeepResearchAgent.run_stream at 0x11703ecf0>[0m
    [36m    │        └ [0m[36m[1m<agent.DeepResearchAgent object at 0x117e32b70>[0m
    [36m    └ [0m[36m[1m{'type': 'status', 'message': '初始化菜谱分析流程'}[0m

  File "[32m/Users/cammy/Documents/Cammy2026/AI_Agent/hello-world/Smart_Recipe_Assistant/backend/src/[0m[32m[1magent.py[0m", line [33m160[0m, in [35mrun_stream[0m
    [1mstate[0m[35m[1m.[0m[1mtodo_items[0m [35m[1m=[0m [1mself[0m[35m[1m.[0m[1mplanner[0m[35m[1m.[0m[1mplan_todo_list[0m[1m([0m[1mstate[0m[1m)[0m
    [36m│                  │    │       │              └ [0m[36m[1mSummaryState(user_requirement='低脂不辣，现有食材 番茄 土豆', allergy_list=[], exist_ingredients=[], dish_list=[], all_search_context=[], ...[0m
    [36m│                  │    │       └ [0m[36m[1m<function PlanningService.plan_todo_list at 0x11700fe20>[0m
    [36m│                  │    └ [0m[36m[1m<services.planner.PlanningService object at 0x1174d2d50>[0m
    [36m│                  └ [0m[36m[1m<agent.DeepResearchAgent object at 0x117e32b70>[0m
    [36m└ [0m[36m[1mSummaryState(user_requirement='低脂不辣，现有食材 番茄 土豆', allergy_list=[], exist_ingredients=[], dish_list=[], all_search_context=[], ...[0m

  File "[32m/Users/cammy/Documents/Cammy2026/AI_Agent/hello-world/Smart_Recipe_Assistant/backend/src/services/[0m[32m[1mplanner.py[0m", line [33m39[0m, in [35mplan_todo_list[0m
    [1mresponse[0m [35m[1m=[0m [1mself[0m[35m[1m.[0m[1m_agent[0m[35m[1m.[0m[1mrun[0m[1m([0m[1mprompt[0m[1m)[0m
    [36m           │    │      │   └ [0m[36m[1m'\n\n<CONTEXT>\n当前日期：June 24, 2026\n用户用餐需求：低脂不辣，现有食材 番茄 土豆\n</CONTEXT>\n\n<FORMAT>\n请严格以 JSON 格式回复：\n{\n  "tasks": [\n    {\n...[0m
    [36m           │    │      └ [0m[36m[1m<function SimpleAgent.run at 0x1113a31c0>[0m
    [36m           │    └ [0m[36m[1mAgent(name=菜谱规划专家, provider=qwen)[0m
    [36m           └ [0m[36m[1m<services.planner.PlanningService object at 0x1174d2d50>[0m

  File "/Library/Frameworks/Python.framework/Versions/3.14/lib/python3.14/site-packages/hello_agents/agents/simple_agent.py", line 285, in run
    response = self.llm.invoke(messages, **kwargs)
               │    │   │      │           └ {}
               │    │   │      └ [{'role': 'system', 'content': '你是一名专业菜谱规划专家，将用户用餐需求拆解成数量合理、搭配互补的做菜子任务。\n- 菜品之间荤素均衡、做法不重复、烹饪时长适配整体节奏；\n- 每个菜品任务具备明确用餐目标与精准搜索关...
               │    │   └ <function HelloAgentsLLM.invoke at 0x1113a16f0>
               │    └ <hello_agents.core.llm.HelloAgentsLLM object at 0x117e32c60>
               └ Agent(name=菜谱规划专家, provider=qwen)
  File "/Library/Frameworks/Python.framework/Versions/3.14/lib/python3.14/site-packages/hello_agents/core/llm.py", line 335, in invoke
    raise HelloAgentsException(f"LLM调用失败: {str(e)}")
          └ <class 'hello_agents.core.exceptions.HelloAgentsException'>

[31m[1mhello_agents.core.exceptions.HelloAgentsException[0m:[1m LLM调用失败: Error code: 400 - {'error': {'message': 'Access denied, please make sure your account is in good standing. For details, see: https://help.aliyun.com/zh/model-studio/error-code#overdue-payment', 'type': 'Arrearage', 'param': None, 'code': 'Arrearage'}, 'id': 'chatcmpl-94d26904-0ef9-944c-a44a-c81236d66cf9', 'request_id': '94d26904-0ef9-944c-a44a-c81236d66cf9'}[0m
[32m2026-06-26 16:05:46[0m | [31m[1mERROR[0m | [36musing_function:event_iterator[0m | [36mmain.py:176[0m | [31m[1mStreaming research failed[0m
[33m[1mTraceback (most recent call last):[0m

  File "/Library/Frameworks/Python.framework/Versions/3.14/lib/python3.14/threading.py", line 1044, in _bootstrap
    self._bootstrap_inner()
    │    └ <function Thread._bootstrap_inner at 0x10511a400>
    └ <WorkerThread(AnyIO worker thread, started 123145499463680)>
  File "/Library/Frameworks/Python.framework/Versions/3.14/lib/python3.14/threading.py", line 1082, in _bootstrap_inner
    self._context.run(self.run)
    │    │        │   │    └ <function WorkerThread.run at 0x10ebd8510>
    │    │        │   └ <WorkerThread(AnyIO worker thread, started 123145499463680)>
    │    │        └ <method 'run' of '_contextvars.Context' objects>
    │    └ <_contextvars.Context object at 0x10eb63cc0>
    └ <WorkerThread(AnyIO worker thread, started 123145499463680)>
  File "/Library/Frameworks/Python.framework/Versions/3.14/lib/python3.14/site-packages/anyio/_backends/_asyncio.py", line 1002, in run
    result = context.run(func, *args)
             │       │   │      └ (<generator object create_app.<locals>.stream_research.<locals>.event_iterator at 0x10e9df9a0>,)
             │       │   └ <function _next at 0x106b53480>
             │       └ <method 'run' of '_contextvars.Context' objects>
             └ <_contextvars.Context object at 0x1088ee700>
  File "/Library/Frameworks/Python.framework/Versions/3.14/lib/python3.14/site-packages/starlette/concurrency.py", line 44, in _next
    return next(iterator)
                └ <generator object create_app.<locals>.stream_research.<locals>.event_iterator at 0x10e9df9a0>

> File "[32m/Users/cammy/Documents/Cammy2026/AI_Agent/hello-world/Smart_Recipe_Assistant/backend/src/[0m[32m[1mmain.py[0m", line [33m173[0m, in [35mevent_iterator[0m
    [35m[1mfor[0m [1mevent[0m [35m[1min[0m [1magent[0m[35m[1m.[0m[1mrun_stream[0m[1m([0m[1mpayload[0m[35m[1m.[0m[1mtopic[0m[1m)[0m[1m:[0m
    [36m    │        │     │          │       └ [0m[36m[1m'低脂不辣，现有食材 番茄 土豆， 两菜一汤'[0m
    [36m    │        │     │          └ [0m[36m[1mResearchRequest(topic='低脂不辣，现有食材 番茄 土豆， 两菜一汤', search_api=None)[0m
    [36m    │        │     └ [0m[36m[1m<function DeepResearchAgent.run_stream at 0x10a5a6e50>[0m
    [36m    │        └ [0m[36m[1m<agent.DeepResearchAgent object at 0x10eb6d400>[0m
    [36m    └ [0m[36m[1m{'type': 'task_status', 'task_id': 1, 'status': 'failed', 'detail': "'MenuState' object has no attribute 'todo_items'", 'titl...[0m

  File "[32m/Users/cammy/Documents/Cammy2026/AI_Agent/hello-world/Smart_Recipe_Assistant/backend/src/[0m[32m[1magent.py[0m", line [33m271[0m, in [35mrun_stream[0m
    [1mreport[0m [35m[1m=[0m [1mself[0m[35m[1m.[0m[1mreporting[0m[35m[1m.[0m[1mgenerate_report[0m[1m([0m[1mstate[0m[1m)[0m
    [36m         │    │         │               └ [0m[36m[1mMenuState(user_requirement='低脂不辣，现有食材 番茄 土豆， 两菜一汤', allergy_list=[], exist_ingredients=[], dish_list=[DishItem(id=1, name='快手...[0m
    [36m         │    │         └ [0m[36m[1m<function ReportingService.generate_report at 0x10a5a4a90>[0m
    [36m         │    └ [0m[36m[1m<services.reporter.ReportingService object at 0x10eb6f380>[0m
    [36m         └ [0m[36m[1m<agent.DeepResearchAgent object at 0x10eb6d400>[0m

  File "[32m/Users/cammy/Documents/Cammy2026/AI_Agent/hello-world/Smart_Recipe_Assistant/backend/src/services/[0m[32m[1mreporter.py[0m", line [33m26[0m, in [35mgenerate_report[0m
    [35m[1mfor[0m [1mtask[0m [35m[1min[0m [1mstate[0m[35m[1m.[0m[1mtodo_items[0m[1m:[0m
    [36m            └ [0m[36m[1mMenuState(user_requirement='低脂不辣，现有食材 番茄 土豆， 两菜一汤', allergy_list=[], exist_ingredients=[], dish_list=[DishItem(id=1, name='快手...[0m

[31m[1mAttributeError[0m:[1m 'MenuState' object has no attribute 'todo_items'[0m
[32m2026-06-26 16:05:46[0m | [31m[1mERROR[0m | [36musing_function:event_iterator[0m | [36mmain.py:176[0m | [31m[1mStreaming research failed[0m
[33m[1mTraceback (most recent call last):[0m

  File "/Library/Frameworks/Python.framework/Versions/3.14/lib/python3.14/threading.py", line 1044, in _bootstrap
    self._bootstrap_inner()
    │    └ <function Thread._bootstrap_inner at 0x10511a400>
    └ <WorkerThread(AnyIO worker thread, started 123145499463680)>
  File "/Library/Frameworks/Python.framework/Versions/3.14/lib/python3.14/threading.py", line 1082, in _bootstrap_inner
    self._context.run(self.run)
    │    │        │   │    └ <function WorkerThread.run at 0x10ebd8510>
    │    │        │   └ <WorkerThread(AnyIO worker thread, started 123145499463680)>
    │    │        └ <method 'run' of '_contextvars.Context' objects>
    │    └ <_contextvars.Context object at 0x10eb63cc0>
    └ <WorkerThread(AnyIO worker thread, started 123145499463680)>
  File "/Library/Frameworks/Python.framework/Versions/3.14/lib/python3.14/site-packages/anyio/_backends/_asyncio.py", line 1002, in run
    result = context.run(func, *args)
             │       │   │      └ (<generator object create_app.<locals>.stream_research.<locals>.event_iterator at 0x10e9df9a0>,)
             │       │   └ <function _next at 0x106b53480>
             │       └ <method 'run' of '_contextvars.Context' objects>
             └ <_contextvars.Context object at 0x1088ee700>
  File "/Library/Frameworks/Python.framework/Versions/3.14/lib/python3.14/site-packages/starlette/concurrency.py", line 44, in _next
    return next(iterator)
                └ <generator object create_app.<locals>.stream_research.<locals>.event_iterator at 0x10e9df9a0>

> File "[32m/Users/cammy/Documents/Cammy2026/AI_Agent/hello-world/Smart_Recipe_Assistant/backend/src/[0m[32m[1mmain.py[0m", line [33m173[0m, in [35mevent_iterator[0m
    [35m[1mfor[0m [1mevent[0m [35m[1min[0m [1magent[0m[35m[1m.[0m[1mrun_stream[0m[1m([0m[1mpayload[0m[35m[1m.[0m[1mtopic[0m[1m)[0m[1m:[0m
    [36m    │        │     │          │       └ [0m[36m[1m'低脂不辣，现有食材 番茄 土豆， 两菜一汤'[0m
    [36m    │        │     │          └ [0m[36m[1mResearchRequest(topic='低脂不辣，现有食材 番茄 土豆， 两菜一汤', search_api=None)[0m
    [36m    │        │     └ [0m[36m[1m<function DeepResearchAgent.run_stream at 0x10a5a6e50>[0m
    [36m    │        └ [0m[36m[1m<agent.DeepResearchAgent object at 0x10eb6d400>[0m
    [36m    └ [0m[36m[1m{'type': 'task_status', 'task_id': 1, 'status': 'failed', 'detail': "'MenuState' object has no attribute 'todo_items'", 'titl...[0m

  File "[32m/Users/cammy/Documents/Cammy2026/AI_Agent/hello-world/Smart_Recipe_Assistant/backend/src/[0m[32m[1magent.py[0m", line [33m271[0m, in [35mrun_stream[0m
    [1mreport[0m [35m[1m=[0m [1mself[0m[35m[1m.[0m[1mreporting[0m[35m[1m.[0m[1mgenerate_report[0m[1m([0m[1mstate[0m[1m)[0m
    [36m         │    │         │               └ [0m[36m[1mMenuState(user_requirement='低脂不辣，现有食材 番茄 土豆， 两菜一汤', allergy_list=[], exist_ingredients=[], dish_list=[DishItem(id=1, name='快手...[0m
    [36m         │    │         └ [0m[36m[1m<function ReportingService.generate_report at 0x10a5a4a90>[0m
    [36m         │    └ [0m[36m[1m<services.reporter.ReportingService object at 0x10eb6f380>[0m
    [36m         └ [0m[36m[1m<agent.DeepResearchAgent object at 0x10eb6d400>[0m

  File "[32m/Users/cammy/Documents/Cammy2026/AI_Agent/hello-world/Smart_Recipe_Assistant/backend/src/services/[0m[32m[1mreporter.py[0m", line [33m26[0m, in [35mgenerate_report[0m
    [35m[1mfor[0m [1mtask[0m [35m[1min[0m [1mstate[0m[35m[1m.[0m[1mtodo_items[0m[1m:[0m
    [36m            └ [0m[36m[1mMenuState(user_requirement='低脂不辣，现有食材 番茄 土豆， 两菜一汤', allergy_list=[], exist_ingredients=[], dish_list=[DishItem(id=1, name='快手...[0m

[31m[1mAttributeError[0m:[1m 'MenuState' object has no attribute 'todo_items'[0m
[32m2026-07-01 14:26:30[0m | [31m[1mERROR[0m | [36musing_function:event_iterator[0m | [36mmain.py:180[0m | [31m[1mStreaming research failed[0m
[33m[1mTraceback (most recent call last):[0m

  File "/Library/Frameworks/Python.framework/Versions/3.14/lib/python3.14/site-packages/httpx/_transports/default.py", line 101, in map_httpcore_exceptions
    yield
  File "/Library/Frameworks/Python.framework/Versions/3.14/lib/python3.14/site-packages/httpx/_transports/default.py", line 250, in handle_request
    resp = self._pool.handle_request(req)
           │    │     │              └ <Request [b'POST']>
           │    │     └ <function ConnectionPool.handle_request at 0x1098bc0f0>
           │    └ <HTTPProxy [Requests: 0 active, 0 queued | Connections: 0 active, 0 idle]>
           └ <httpx.HTTPTransport object at 0x10ec7bdf0>
  File "/Library/Frameworks/Python.framework/Versions/3.14/lib/python3.14/site-packages/httpcore/_sync/connection_pool.py", line 256, in handle_request
    raise exc from None
  File "/Library/Frameworks/Python.framework/Versions/3.14/lib/python3.14/site-packages/httpcore/_sync/connection_pool.py", line 236, in handle_request
    response = connection.handle_request(
               │          └ <function TunnelHTTPConnection.handle_request at 0x1098be4b0>
               └ <TunnelHTTPConnection ['https://dashscope.aliyuncs.com:443', HTTP/1.1, CLOSED, Request Count: 1]>
  File "/Library/Frameworks/Python.framework/Versions/3.14/lib/python3.14/site-packages/httpcore/_sync/http_proxy.py", line 343, in handle_request
    return self._connection.handle_request(request)
           │    │           │              └ <Request [b'POST']>
           │    │           └ <function HTTP11Connection.handle_request at 0x1098afe20>
           │    └ <HTTP11Connection ['https://dashscope.aliyuncs.com:443', CLOSED, Request Count: 1]>
           └ <TunnelHTTPConnection ['https://dashscope.aliyuncs.com:443', HTTP/1.1, CLOSED, Request Count: 1]>
  File "/Library/Frameworks/Python.framework/Versions/3.14/lib/python3.14/site-packages/httpcore/_sync/http11.py", line 136, in handle_request
    raise exc
  File "/Library/Frameworks/Python.framework/Versions/3.14/lib/python3.14/site-packages/httpcore/_sync/http11.py", line 106, in handle_request
    ) = self._receive_response_headers(**kwargs)
        │    │                           └ {'request': <Request [b'POST']>}
        │    └ <function HTTP11Connection._receive_response_headers at 0x1098b8460>
        └ <HTTP11Connection ['https://dashscope.aliyuncs.com:443', CLOSED, Request Count: 1]>
  File "/Library/Frameworks/Python.framework/Versions/3.14/lib/python3.14/site-packages/httpcore/_sync/http11.py", line 177, in _receive_response_headers
    event = self._receive_event(timeout=timeout)
            │    │                      └ 60
            │    └ <function HTTP11Connection._receive_event at 0x1098b8720>
            └ <HTTP11Connection ['https://dashscope.aliyuncs.com:443', CLOSED, Request Count: 1]>
  File "/Library/Frameworks/Python.framework/Versions/3.14/lib/python3.14/site-packages/httpcore/_sync/http11.py", line 217, in _receive_event
    data = self._network_stream.read(
           │    │               └ <function SyncStream.read at 0x10982f480>
           │    └ <httpcore._backends.sync.SyncStream object at 0x10ed0d150>
           └ <HTTP11Connection ['https://dashscope.aliyuncs.com:443', CLOSED, Request Count: 1]>
  File "/Library/Frameworks/Python.framework/Versions/3.14/lib/python3.14/site-packages/httpcore/_backends/sync.py", line 126, in read
    with map_exceptions(exc_map):
         │              └ {<class 'TimeoutError'>: <class 'httpcore.ReadTimeout'>, <class 'OSError'>: <class 'httpcore.ReadError'>}
         └ <function map_exceptions at 0x10982ce00>
  File "/Library/Frameworks/Python.framework/Versions/3.14/lib/python3.14/contextlib.py", line 162, in __exit__
    self.gen.throw(value)
    │    │   │     └ TimeoutError('The read operation timed out')
    │    │   └ <method 'throw' of 'generator' objects>
    │    └ <generator object map_exceptions at 0x10ed0ca40>
    └ <contextlib._GeneratorContextManager object at 0x10ecfa970>
  File "/Library/Frameworks/Python.framework/Versions/3.14/lib/python3.14/site-packages/httpcore/_exceptions.py", line 14, in map_exceptions
    raise to_exc(exc) from exc
          └ <class 'httpcore.ReadTimeout'>

[31m[1mhttpcore.ReadTimeout[0m:[1m The read operation timed out[0m


[1mThe above exception was the direct cause of the following exception:[0m


[33m[1mTraceback (most recent call last):[0m

  File "/Library/Frameworks/Python.framework/Versions/3.14/lib/python3.14/site-packages/openai/_base_client.py", line 982, in request
    response = self._client.send(
               │    │       └ <function Client.send at 0x1072c97a0>
               │    └ <openai._base_client.SyncHttpxClientWrapper object at 0x10ece9bd0>
               └ <openai.OpenAI object at 0x10ece9a90>
  File "/Library/Frameworks/Python.framework/Versions/3.14/lib/python3.14/site-packages/httpx/_client.py", line 914, in send
    response = self._send_handling_auth(
               │    └ <function Client._send_handling_auth at 0x1072c9900>
               └ <openai._base_client.SyncHttpxClientWrapper object at 0x10ece9bd0>
  File "/Library/Frameworks/Python.framework/Versions/3.14/lib/python3.14/site-packages/httpx/_client.py", line 942, in _send_handling_auth
    response = self._send_handling_redirects(
               │    └ <function Client._send_handling_redirects at 0x1072c9a60>
               └ <openai._base_client.SyncHttpxClientWrapper object at 0x10ece9bd0>
  File "/Library/Frameworks/Python.framework/Versions/3.14/lib/python3.14/site-packages/httpx/_client.py", line 979, in _send_handling_redirects
    response = self._send_single_request(request)
               │    │                    └ <Request('POST', 'https://dashscope.aliyuncs.com/compatible-mode/v1/chat/completions')>
               │    └ <function Client._send_single_request at 0x1072c9bc0>
               └ <openai._base_client.SyncHttpxClientWrapper object at 0x10ece9bd0>
  File "/Library/Frameworks/Python.framework/Versions/3.14/lib/python3.14/site-packages/httpx/_client.py", line 1014, in _send_single_request
    response = transport.handle_request(request)
               │         │              └ <Request('POST', 'https://dashscope.aliyuncs.com/compatible-mode/v1/chat/completions')>
               │         └ <function HTTPTransport.handle_request at 0x1072a3c10>
               └ <httpx.HTTPTransport object at 0x10ec7bdf0>
  File "/Library/Frameworks/Python.framework/Versions/3.14/lib/python3.14/site-packages/httpx/_transports/default.py", line 249, in handle_request
    with map_httpcore_exceptions():
         └ <function map_httpcore_exceptions at 0x1072a31c0>
  File "/Library/Frameworks/Python.framework/Versions/3.14/lib/python3.14/contextlib.py", line 162, in __exit__
    self.gen.throw(value)
    │    │   │     └ ReadTimeout(TimeoutError('The read operation timed out'))
    │    │   └ <method 'throw' of 'generator' objects>
    │    └ <generator object map_httpcore_exceptions at 0x10a240440>
    └ <contextlib._GeneratorContextManager object at 0x10ecfa900>
  File "/Library/Frameworks/Python.framework/Versions/3.14/lib/python3.14/site-packages/httpx/_transports/default.py", line 118, in map_httpcore_exceptions
    raise mapped_exc(message) from exc
          │          └ 'The read operation timed out'
          └ <class 'httpx.ReadTimeout'>

[31m[1mhttpx.ReadTimeout[0m:[1m The read operation timed out[0m


[1mThe above exception was the direct cause of the following exception:[0m


[33m[1mTraceback (most recent call last):[0m

  File "/Library/Frameworks/Python.framework/Versions/3.14/lib/python3.14/site-packages/hello_agents/core/llm.py", line 326, in invoke
    response = self._client.chat.completions.create(
               │    │       │    │           └ <function Completions.create at 0x10a718b40>
               │    │       │    └ <openai.resources.chat.completions.completions.Completions object at 0x10a1edf90>
               │    │       └ <openai.resources.chat.chat.Chat object at 0x10a1ee710>
               │    └ <openai.OpenAI object at 0x10ece9a90>
               └ <hello_agents.core.llm.HelloAgentsLLM object at 0x10ece9950>
  File "/Library/Frameworks/Python.framework/Versions/3.14/lib/python3.14/site-packages/openai/_utils/_utils.py", line 286, in wrapper
    return func(*args, **kwargs)
           │     │       └ {'model': 'qwen-turbo', 'messages': [{'role': 'system', 'content': '你是专业菜单排版撰写专家，汇总所有菜品结构化详情、用户原始饮食需求、忌口清单、用户自有食材，生成一份排版完整、可直...
           │     └ (<openai.resources.chat.completions.completions.Completions object at 0x10a1edf90>,)
           └ <function Completions.create at 0x10a7189e0>
  File "/Library/Frameworks/Python.framework/Versions/3.14/lib/python3.14/site-packages/openai/resources/chat/completions/completions.py", line 1147, in create
    return self._post(
           │    └ <bound method SyncAPIClient.post of <openai.OpenAI object at 0x10ece9a90>>
           └ <openai.resources.chat.completions.completions.Completions object at 0x10a1edf90>
  File "/Library/Frameworks/Python.framework/Versions/3.14/lib/python3.14/site-packages/openai/_base_client.py", line 1259, in post
    return cast(ResponseT, self.request(cast_to, opts, stream=stream, stream_cls=stream_cls))
           │    │          │    │       │        │            │                  └ openai.Stream[openai.types.chat.chat_completion_chunk.ChatCompletionChunk]
           │    │          │    │       │        │            └ False
           │    │          │    │       │        └ FinalRequestOptions(method='post', url='/chat/completions', params={}, headers=NOT_GIVEN, max_retries=NOT_GIVEN, timeout=NOT_...
           │    │          │    │       └ <class 'openai.types.chat.chat_completion.ChatCompletion'>
           │    │          │    └ <function SyncAPIClient.request at 0x107ed10c0>
           │    │          └ <openai.OpenAI object at 0x10ece9a90>
           │    └ ~ResponseT
           └ <function cast at 0x104bc6090>
  File "/Library/Frameworks/Python.framework/Versions/3.14/lib/python3.14/site-packages/openai/_base_client.py", line 1000, in request
    raise APITimeoutError(request=request) from err
          │                       └ <Request('POST', 'https://dashscope.aliyuncs.com/compatible-mode/v1/chat/completions')>
          └ <class 'openai.APITimeoutError'>

[31m[1mopenai.APITimeoutError[0m:[1m Request timed out.[0m


[1mDuring handling of the above exception, another exception occurred:[0m


[33m[1mTraceback (most recent call last):[0m

  File "/Library/Frameworks/Python.framework/Versions/3.14/lib/python3.14/threading.py", line 1044, in _bootstrap
    self._bootstrap_inner()
    │    └ <function Thread._bootstrap_inner at 0x10483a400>
    └ <WorkerThread(AnyIO worker thread, started 123145455759360)>
  File "/Library/Frameworks/Python.framework/Versions/3.14/lib/python3.14/threading.py", line 1082, in _bootstrap_inner
    self._context.run(self.run)
    │    │        │   │    └ <function WorkerThread.run at 0x10a2a83b0>
    │    │        │   └ <WorkerThread(AnyIO worker thread, started 123145455759360)>
    │    │        └ <method 'run' of '_contextvars.Context' objects>
    │    └ <_contextvars.Context object at 0x10a233840>
    └ <WorkerThread(AnyIO worker thread, started 123145455759360)>
  File "/Library/Frameworks/Python.framework/Versions/3.14/lib/python3.14/site-packages/anyio/_backends/_asyncio.py", line 1002, in run
    result = context.run(func, *args)
             │       │   │      └ (<generator object create_app.<locals>.stream_research.<locals>.event_iterator at 0x10ed18590>,)
             │       │   └ <function _next at 0x106263480>
             │       └ <method 'run' of '_contextvars.Context' objects>
             └ <_contextvars.Context object at 0x10ec92540>
  File "/Library/Frameworks/Python.framework/Versions/3.14/lib/python3.14/site-packages/starlette/concurrency.py", line 44, in _next
    return next(iterator)
                └ <generator object create_app.<locals>.stream_research.<locals>.event_iterator at 0x10ed18590>

> File "[32m/Users/cammy/Documents/Cammy2026/AI_Agent/hello-world/Smart_Recipe_Assistant/backend/src/[0m[32m[1mmain.py[0m", line [33m177[0m, in [35mevent_iterator[0m
    [35m[1mfor[0m [1mevent[0m [35m[1min[0m [1magent[0m[35m[1m.[0m[1mrun_stream[0m[1m([0m[1mpayload[0m[35m[1m.[0m[1mtopic[0m[1m)[0m[1m:[0m
    [36m    │        │     │          │       └ [0m[36m[1m'低脂不辣，现有食材 番茄 土豆'[0m
    [36m    │        │     │          └ [0m[36m[1mResearchRequest(topic='低脂不辣，现有食材 番茄 土豆', search_api=None)[0m
    [36m    │        │     └ [0m[36m[1m<function DeepResearchAgent.run_stream at 0x109c82c40>[0m
    [36m    │        └ [0m[36m[1m<agent.DeepResearchAgent object at 0x10ece9810>[0m
    [36m    └ [0m[36m[1m{'type': 'task_status', 'task_id': 1, 'status': 'completed', 'summary': '菜品详细整理结果\n\n### 食材清单\n- 番茄：1个  \n- 土豆：1个  \n- 葱：适量  ...[0m

  File "[32m/Users/cammy/Documents/Cammy2026/AI_Agent/hello-world/Smart_Recipe_Assistant/backend/src/[0m[32m[1magent.py[0m", line [33m268[0m, in [35mrun_stream[0m
    [1mreport[0m [35m[1m=[0m [1mself[0m[35m[1m.[0m[1mreporting[0m[35m[1m.[0m[1mgenerate_report[0m[1m([0m[1mstate[0m[1m)[0m
    [36m         │    │         │               └ [0m[36m[1mMenuState(user_requirement='低脂不辣，现有食材 番茄 土豆', allergy_list=[], exist_ingredients=[], dish_list=[DishItem(id=1, name='快手家常炒蛋',...[0m
    [36m         │    │         └ [0m[36m[1m<function ReportingService.generate_report at 0x109c80880>[0m
    [36m         │    └ [0m[36m[1m<services.reporter.ReportingService object at 0x10eceb4d0>[0m
    [36m         └ [0m[36m[1m<agent.DeepResearchAgent object at 0x10ece9810>[0m

  File "[32m/Users/cammy/Documents/Cammy2026/AI_Agent/hello-world/Smart_Recipe_Assistant/backend/src/services/[0m[32m[1mreporter.py[0m", line [33m67[0m, in [35mgenerate_report[0m
    [1mresponse[0m [35m[1m=[0m [1mself[0m[35m[1m.[0m[1m_agent[0m[35m[1m.[0m[1mrun[0m[1m([0m[1mprompt[0m[1m)[0m
    [36m           │    │      │   └ [0m[36m[1m'用户原始需求：低脂不辣，现有食材 番茄 土豆\n菜单概览：\n### 菜单任务 1: 快手家常炒蛋\n- 菜单定位：利用常见食材快速做一道简单下饭家常菜，适配用户用餐需求\n- 检索查询：低脂不辣，现有食材 番茄 土豆 家常简单菜谱 详细做法\n-...[0m
    [36m           │    │      └ [0m[36m[1m<function SimpleAgent.run at 0x1080cb1c0>[0m
    [36m           │    └ [0m[36m[1mAgent(name=菜单撰写专家, provider=qwen)[0m
    [36m           └ [0m[36m[1m<services.reporter.ReportingService object at 0x10eceb4d0>[0m

  File "/Library/Frameworks/Python.framework/Versions/3.14/lib/python3.14/site-packages/hello_agents/agents/simple_agent.py", line 285, in run
    response = self.llm.invoke(messages, **kwargs)
               │    │   │      │           └ {}
               │    │   │      └ [{'role': 'system', 'content': '你是专业菜单排版撰写专家，汇总所有菜品结构化详情、用户原始饮食需求、忌口清单、用户自有食材，生成一份排版完整、可直接使用的 Markdown 全套菜谱文档。\n\n<REPORT_TEM...
               │    │   └ <function HelloAgentsLLM.invoke at 0x1080c96f0>
               │    └ <hello_agents.core.llm.HelloAgentsLLM object at 0x10ece9950>
               └ Agent(name=菜单撰写专家, provider=qwen)
  File "/Library/Frameworks/Python.framework/Versions/3.14/lib/python3.14/site-packages/hello_agents/core/llm.py", line 335, in invoke
    raise HelloAgentsException(f"LLM调用失败: {str(e)}")
          └ <class 'hello_agents.core.exceptions.HelloAgentsException'>

[31m[1mhello_agents.core.exceptions.HelloAgentsException[0m:[1m LLM调用失败: Request timed out.[0m
[32m2026-07-01 14:26:30[0m | [31m[1mERROR[0m | [36musing_function:event_iterator[0m | [36mmain.py:180[0m | [31m[1mStreaming research failed[0m
[33m[1mTraceback (most recent call last):[0m

  File "/Library/Frameworks/Python.framework/Versions/3.14/lib/python3.14/site-packages/httpx/_transports/default.py", line 101, in map_httpcore_exceptions
    yield
  File "/Library/Frameworks/Python.framework/Versions/3.14/lib/python3.14/site-packages/httpx/_transports/default.py", line 250, in handle_request
    resp = self._pool.handle_request(req)
           │    │     │              └ <Request [b'POST']>
           │    │     └ <function ConnectionPool.handle_request at 0x1098bc0f0>
           │    └ <HTTPProxy [Requests: 0 active, 0 queued | Connections: 0 active, 0 idle]>
           └ <httpx.HTTPTransport object at 0x10ec7bdf0>
  File "/Library/Frameworks/Python.framework/Versions/3.14/lib/python3.14/site-packages/httpcore/_sync/connection_pool.py", line 256, in handle_request
    raise exc from None
  File "/Library/Frameworks/Python.framework/Versions/3.14/lib/python3.14/site-packages/httpcore/_sync/connection_pool.py", line 236, in handle_request
    response = connection.handle_request(
               │          └ <function TunnelHTTPConnection.handle_request at 0x1098be4b0>
               └ <TunnelHTTPConnection ['https://dashscope.aliyuncs.com:443', HTTP/1.1, CLOSED, Request Count: 1]>
  File "/Library/Frameworks/Python.framework/Versions/3.14/lib/python3.14/site-packages/httpcore/_sync/http_proxy.py", line 343, in handle_request
    return self._connection.handle_request(request)
           │    │           │              └ <Request [b'POST']>
           │    │           └ <function HTTP11Connection.handle_request at 0x1098afe20>
           │    └ <HTTP11Connection ['https://dashscope.aliyuncs.com:443', CLOSED, Request Count: 1]>
           └ <TunnelHTTPConnection ['https://dashscope.aliyuncs.com:443', HTTP/1.1, CLOSED, Request Count: 1]>
  File "/Library/Frameworks/Python.framework/Versions/3.14/lib/python3.14/site-packages/httpcore/_sync/http11.py", line 136, in handle_request
    raise exc
  File "/Library/Frameworks/Python.framework/Versions/3.14/lib/python3.14/site-packages/httpcore/_sync/http11.py", line 106, in handle_request
    ) = self._receive_response_headers(**kwargs)
        │    │                           └ {'request': <Request [b'POST']>}
        │    └ <function HTTP11Connection._receive_response_headers at 0x1098b8460>
        └ <HTTP11Connection ['https://dashscope.aliyuncs.com:443', CLOSED, Request Count: 1]>
  File "/Library/Frameworks/Python.framework/Versions/3.14/lib/python3.14/site-packages/httpcore/_sync/http11.py", line 177, in _receive_response_headers
    event = self._receive_event(timeout=timeout)
            │    │                      └ 60
            │    └ <function HTTP11Connection._receive_event at 0x1098b8720>
            └ <HTTP11Connection ['https://dashscope.aliyuncs.com:443', CLOSED, Request Count: 1]>
  File "/Library/Frameworks/Python.framework/Versions/3.14/lib/python3.14/site-packages/httpcore/_sync/http11.py", line 217, in _receive_event
    data = self._network_stream.read(
           │    │               └ <function SyncStream.read at 0x10982f480>
           │    └ <httpcore._backends.sync.SyncStream object at 0x10ed0d150>
           └ <HTTP11Connection ['https://dashscope.aliyuncs.com:443', CLOSED, Request Count: 1]>
  File "/Library/Frameworks/Python.framework/Versions/3.14/lib/python3.14/site-packages/httpcore/_backends/sync.py", line 126, in read
    with map_exceptions(exc_map):
         │              └ {<class 'TimeoutError'>: <class 'httpcore.ReadTimeout'>, <class 'OSError'>: <class 'httpcore.ReadError'>}
         └ <function map_exceptions at 0x10982ce00>
  File "/Library/Frameworks/Python.framework/Versions/3.14/lib/python3.14/contextlib.py", line 162, in __exit__
    self.gen.throw(value)
    │    │   │     └ TimeoutError('The read operation timed out')
    │    │   └ <method 'throw' of 'generator' objects>
    │    └ <generator object map_exceptions at 0x10ed0ca40>
    └ <contextlib._GeneratorContextManager object at 0x10ecfa970>
  File "/Library/Frameworks/Python.framework/Versions/3.14/lib/python3.14/site-packages/httpcore/_exceptions.py", line 14, in map_exceptions
    raise to_exc(exc) from exc
          └ <class 'httpcore.ReadTimeout'>

[31m[1mhttpcore.ReadTimeout[0m:[1m The read operation timed out[0m


[1mThe above exception was the direct cause of the following exception:[0m


[33m[1mTraceback (most recent call last):[0m

  File "/Library/Frameworks/Python.framework/Versions/3.14/lib/python3.14/site-packages/openai/_base_client.py", line 982, in request
    response = self._client.send(
               │    │       └ <function Client.send at 0x1072c97a0>
               │    └ <openai._base_client.SyncHttpxClientWrapper object at 0x10ece9bd0>
               └ <openai.OpenAI object at 0x10ece9a90>
  File "/Library/Frameworks/Python.framework/Versions/3.14/lib/python3.14/site-packages/httpx/_client.py", line 914, in send
    response = self._send_handling_auth(
               │    └ <function Client._send_handling_auth at 0x1072c9900>
               └ <openai._base_client.SyncHttpxClientWrapper object at 0x10ece9bd0>
  File "/Library/Frameworks/Python.framework/Versions/3.14/lib/python3.14/site-packages/httpx/_client.py", line 942, in _send_handling_auth
    response = self._send_handling_redirects(
               │    └ <function Client._send_handling_redirects at 0x1072c9a60>
               └ <openai._base_client.SyncHttpxClientWrapper object at 0x10ece9bd0>
  File "/Library/Frameworks/Python.framework/Versions/3.14/lib/python3.14/site-packages/httpx/_client.py", line 979, in _send_handling_redirects
    response = self._send_single_request(request)
               │    │                    └ <Request('POST', 'https://dashscope.aliyuncs.com/compatible-mode/v1/chat/completions')>
               │    └ <function Client._send_single_request at 0x1072c9bc0>
               └ <openai._base_client.SyncHttpxClientWrapper object at 0x10ece9bd0>
  File "/Library/Frameworks/Python.framework/Versions/3.14/lib/python3.14/site-packages/httpx/_client.py", line 1014, in _send_single_request
    response = transport.handle_request(request)
               │         │              └ <Request('POST', 'https://dashscope.aliyuncs.com/compatible-mode/v1/chat/completions')>
               │         └ <function HTTPTransport.handle_request at 0x1072a3c10>
               └ <httpx.HTTPTransport object at 0x10ec7bdf0>
  File "/Library/Frameworks/Python.framework/Versions/3.14/lib/python3.14/site-packages/httpx/_transports/default.py", line 249, in handle_request
    with map_httpcore_exceptions():
         └ <function map_httpcore_exceptions at 0x1072a31c0>
  File "/Library/Frameworks/Python.framework/Versions/3.14/lib/python3.14/contextlib.py", line 162, in __exit__
    self.gen.throw(value)
    │    │   │     └ ReadTimeout(TimeoutError('The read operation timed out'))
    │    │   └ <method 'throw' of 'generator' objects>
    │    └ <generator object map_httpcore_exceptions at 0x10a240440>
    └ <contextlib._GeneratorContextManager object at 0x10ecfa900>
  File "/Library/Frameworks/Python.framework/Versions/3.14/lib/python3.14/site-packages/httpx/_transports/default.py", line 118, in map_httpcore_exceptions
    raise mapped_exc(message) from exc
          │          └ 'The read operation timed out'
          └ <class 'httpx.ReadTimeout'>

[31m[1mhttpx.ReadTimeout[0m:[1m The read operation timed out[0m


[1mThe above exception was the direct cause of the following exception:[0m


[33m[1mTraceback (most recent call last):[0m

  File "/Library/Frameworks/Python.framework/Versions/3.14/lib/python3.14/site-packages/hello_agents/core/llm.py", line 326, in invoke
    response = self._client.chat.completions.create(
               │    │       │    │           └ <function Completions.create at 0x10a718b40>
               │    │       │    └ <openai.resources.chat.completions.completions.Completions object at 0x10a1edf90>
               │    │       └ <openai.resources.chat.chat.Chat object at 0x10a1ee710>
               │    └ <openai.OpenAI object at 0x10ece9a90>
               └ <hello_agents.core.llm.HelloAgentsLLM object at 0x10ece9950>
  File "/Library/Frameworks/Python.framework/Versions/3.14/lib/python3.14/site-packages/openai/_utils/_utils.py", line 286, in wrapper
    return func(*args, **kwargs)
           │     │       └ {'model': 'qwen-turbo', 'messages': [{'role': 'system', 'content': '你是专业菜单排版撰写专家，汇总所有菜品结构化详情、用户原始饮食需求、忌口清单、用户自有食材，生成一份排版完整、可直...
           │     └ (<openai.resources.chat.completions.completions.Completions object at 0x10a1edf90>,)
           └ <function Completions.create at 0x10a7189e0>
  File "/Library/Frameworks/Python.framework/Versions/3.14/lib/python3.14/site-packages/openai/resources/chat/completions/completions.py", line 1147, in create
    return self._post(
           │    └ <bound method SyncAPIClient.post of <openai.OpenAI object at 0x10ece9a90>>
           └ <openai.resources.chat.completions.completions.Completions object at 0x10a1edf90>
  File "/Library/Frameworks/Python.framework/Versions/3.14/lib/python3.14/site-packages/openai/_base_client.py", line 1259, in post
    return cast(ResponseT, self.request(cast_to, opts, stream=stream, stream_cls=stream_cls))
           │    │          │    │       │        │            │                  └ openai.Stream[openai.types.chat.chat_completion_chunk.ChatCompletionChunk]
           │    │          │    │       │        │            └ False
           │    │          │    │       │        └ FinalRequestOptions(method='post', url='/chat/completions', params={}, headers=NOT_GIVEN, max_retries=NOT_GIVEN, timeout=NOT_...
           │    │          │    │       └ <class 'openai.types.chat.chat_completion.ChatCompletion'>
           │    │          │    └ <function SyncAPIClient.request at 0x107ed10c0>
           │    │          └ <openai.OpenAI object at 0x10ece9a90>
           │    └ ~ResponseT
           └ <function cast at 0x104bc6090>
  File "/Library/Frameworks/Python.framework/Versions/3.14/lib/python3.14/site-packages/openai/_base_client.py", line 1000, in request
    raise APITimeoutError(request=request) from err
          │                       └ <Request('POST', 'https://dashscope.aliyuncs.com/compatible-mode/v1/chat/completions')>
          └ <class 'openai.APITimeoutError'>

[31m[1mopenai.APITimeoutError[0m:[1m Request timed out.[0m


[1mDuring handling of the above exception, another exception occurred:[0m


[33m[1mTraceback (most recent call last):[0m

  File "/Library/Frameworks/Python.framework/Versions/3.14/lib/python3.14/threading.py", line 1044, in _bootstrap
    self._bootstrap_inner()
    │    └ <function Thread._bootstrap_inner at 0x10483a400>
    └ <WorkerThread(AnyIO worker thread, started 123145455759360)>
  File "/Library/Frameworks/Python.framework/Versions/3.14/lib/python3.14/threading.py", line 1082, in _bootstrap_inner
    self._context.run(self.run)
    │    │        │   │    └ <function WorkerThread.run at 0x10a2a83b0>
    │    │        │   └ <WorkerThread(AnyIO worker thread, started 123145455759360)>
    │    │        └ <method 'run' of '_contextvars.Context' objects>
    │    └ <_contextvars.Context object at 0x10a233840>
    └ <WorkerThread(AnyIO worker thread, started 123145455759360)>
  File "/Library/Frameworks/Python.framework/Versions/3.14/lib/python3.14/site-packages/anyio/_backends/_asyncio.py", line 1002, in run
    result = context.run(func, *args)
             │       │   │      └ (<generator object create_app.<locals>.stream_research.<locals>.event_iterator at 0x10ed18590>,)
             │       │   └ <function _next at 0x106263480>
             │       └ <method 'run' of '_contextvars.Context' objects>
             └ <_contextvars.Context object at 0x10ec92540>
  File "/Library/Frameworks/Python.framework/Versions/3.14/lib/python3.14/site-packages/starlette/concurrency.py", line 44, in _next
    return next(iterator)
                └ <generator object create_app.<locals>.stream_research.<locals>.event_iterator at 0x10ed18590>

> File "[32m/Users/cammy/Documents/Cammy2026/AI_Agent/hello-world/Smart_Recipe_Assistant/backend/src/[0m[32m[1mmain.py[0m", line [33m177[0m, in [35mevent_iterator[0m
    [35m[1mfor[0m [1mevent[0m [35m[1min[0m [1magent[0m[35m[1m.[0m[1mrun_stream[0m[1m([0m[1mpayload[0m[35m[1m.[0m[1mtopic[0m[1m)[0m[1m:[0m
    [36m    │        │     │          │       └ [0m[36m[1m'低脂不辣，现有食材 番茄 土豆'[0m
    [36m    │        │     │          └ [0m[36m[1mResearchRequest(topic='低脂不辣，现有食材 番茄 土豆', search_api=None)[0m
    [36m    │        │     └ [0m[36m[1m<function DeepResearchAgent.run_stream at 0x109c82c40>[0m
    [36m    │        └ [0m[36m[1m<agent.DeepResearchAgent object at 0x10ece9810>[0m
    [36m    └ [0m[36m[1m{'type': 'task_status', 'task_id': 1, 'status': 'completed', 'summary': '菜品详细整理结果\n\n### 食材清单\n- 番茄：1个  \n- 土豆：1个  \n- 葱：适量  ...[0m

  File "[32m/Users/cammy/Documents/Cammy2026/AI_Agent/hello-world/Smart_Recipe_Assistant/backend/src/[0m[32m[1magent.py[0m", line [33m268[0m, in [35mrun_stream[0m
    [1mreport[0m [35m[1m=[0m [1mself[0m[35m[1m.[0m[1mreporting[0m[35m[1m.[0m[1mgenerate_report[0m[1m([0m[1mstate[0m[1m)[0m
    [36m         │    │         │               └ [0m[36m[1mMenuState(user_requirement='低脂不辣，现有食材 番茄 土豆', allergy_list=[], exist_ingredients=[], dish_list=[DishItem(id=1, name='快手家常炒蛋',...[0m
    [36m         │    │         └ [0m[36m[1m<function ReportingService.generate_report at 0x109c80880>[0m
    [36m         │    └ [0m[36m[1m<services.reporter.ReportingService object at 0x10eceb4d0>[0m
    [36m         └ [0m[36m[1m<agent.DeepResearchAgent object at 0x10ece9810>[0m

  File "[32m/Users/cammy/Documents/Cammy2026/AI_Agent/hello-world/Smart_Recipe_Assistant/backend/src/services/[0m[32m[1mreporter.py[0m", line [33m67[0m, in [35mgenerate_report[0m
    [1mresponse[0m [35m[1m=[0m [1mself[0m[35m[1m.[0m[1m_agent[0m[35m[1m.[0m[1mrun[0m[1m([0m[1mprompt[0m[1m)[0m
    [36m           │    │      │   └ [0m[36m[1m'用户原始需求：低脂不辣，现有食材 番茄 土豆\n菜单概览：\n### 菜单任务 1: 快手家常炒蛋\n- 菜单定位：利用常见食材快速做一道简单下饭家常菜，适配用户用餐需求\n- 检索查询：低脂不辣，现有食材 番茄 土豆 家常简单菜谱 详细做法\n-...[0m
    [36m           │    │      └ [0m[36m[1m<function SimpleAgent.run at 0x1080cb1c0>[0m
    [36m           │    └ [0m[36m[1mAgent(name=菜单撰写专家, provider=qwen)[0m
    [36m           └ [0m[36m[1m<services.reporter.ReportingService object at 0x10eceb4d0>[0m

  File "/Library/Frameworks/Python.framework/Versions/3.14/lib/python3.14/site-packages/hello_agents/agents/simple_agent.py", line 285, in run
    response = self.llm.invoke(messages, **kwargs)
               │    │   │      │           └ {}
               │    │   │      └ [{'role': 'system', 'content': '你是专业菜单排版撰写专家，汇总所有菜品结构化详情、用户原始饮食需求、忌口清单、用户自有食材，生成一份排版完整、可直接使用的 Markdown 全套菜谱文档。\n\n<REPORT_TEM...
               │    │   └ <function HelloAgentsLLM.invoke at 0x1080c96f0>
               │    └ <hello_agents.core.llm.HelloAgentsLLM object at 0x10ece9950>
               └ Agent(name=菜单撰写专家, provider=qwen)
  File "/Library/Frameworks/Python.framework/Versions/3.14/lib/python3.14/site-packages/hello_agents/core/llm.py", line 335, in invoke
    raise HelloAgentsException(f"LLM调用失败: {str(e)}")
          └ <class 'hello_agents.core.exceptions.HelloAgentsException'>

[31m[1mhello_agents.core.exceptions.HelloAgentsException[0m:[1m LLM调用失败: Request timed out.[0m
[32m2026-07-07 12:43:41[0m | [31m[1mERROR[0m | [36musing_function:event_iterator[0m | [36mmain.py:185[0m | [31m[1mStreaming research failed[0m
[33m[1mTraceback (most recent call last):[0m

  File "/Library/Frameworks/Python.framework/Versions/3.14/lib/python3.14/site-packages/httpx/_transports/default.py", line 101, in map_httpcore_exceptions
    yield
  File "/Library/Frameworks/Python.framework/Versions/3.14/lib/python3.14/site-packages/httpx/_transports/default.py", line 250, in handle_request
    resp = self._pool.handle_request(req)
           │    │     │              └ <Request [b'POST']>
           │    │     └ <function ConnectionPool.handle_request at 0x11186d0c0>
           │    └ <HTTPProxy [Requests: 0 active, 0 queued | Connections: 0 active, 0 idle]>
           └ <httpx.HTTPTransport object at 0x112b5b8b0>
  File "/Library/Frameworks/Python.framework/Versions/3.14/lib/python3.14/site-packages/httpcore/_sync/connection_pool.py", line 256, in handle_request
    raise exc from None
  File "/Library/Frameworks/Python.framework/Versions/3.14/lib/python3.14/site-packages/httpcore/_sync/connection_pool.py", line 236, in handle_request
    response = connection.handle_request(
               │          └ <function TunnelHTTPConnection.handle_request at 0x11186f480>
               └ <TunnelHTTPConnection ['https://dashscope.aliyuncs.com:443', HTTP/1.1, CLOSED, Request Count: 1]>
  File "/Library/Frameworks/Python.framework/Versions/3.14/lib/python3.14/site-packages/httpcore/_sync/http_proxy.py", line 343, in handle_request
    return self._connection.handle_request(request)
           │    │           │              └ <Request [b'POST']>
           │    │           └ <function HTTP11Connection.handle_request at 0x111860eb0>
           │    └ <HTTP11Connection ['https://dashscope.aliyuncs.com:443', CLOSED, Request Count: 1]>
           └ <TunnelHTTPConnection ['https://dashscope.aliyuncs.com:443', HTTP/1.1, CLOSED, Request Count: 1]>
  File "/Library/Frameworks/Python.framework/Versions/3.14/lib/python3.14/site-packages/httpcore/_sync/http11.py", line 136, in handle_request
    raise exc
  File "/Library/Frameworks/Python.framework/Versions/3.14/lib/python3.14/site-packages/httpcore/_sync/http11.py", line 106, in handle_request
    ) = self._receive_response_headers(**kwargs)
        │    │                           └ {'request': <Request [b'POST']>}
        │    └ <function HTTP11Connection._receive_response_headers at 0x111861430>
        └ <HTTP11Connection ['https://dashscope.aliyuncs.com:443', CLOSED, Request Count: 1]>
  File "/Library/Frameworks/Python.framework/Versions/3.14/lib/python3.14/site-packages/httpcore/_sync/http11.py", line 177, in _receive_response_headers
    event = self._receive_event(timeout=timeout)
            │    │                      └ 60
            │    └ <function HTTP11Connection._receive_event at 0x1118616f0>
            └ <HTTP11Connection ['https://dashscope.aliyuncs.com:443', CLOSED, Request Count: 1]>
  File "/Library/Frameworks/Python.framework/Versions/3.14/lib/python3.14/site-packages/httpcore/_sync/http11.py", line 217, in _receive_event
    data = self._network_stream.read(
           │    │               └ <function SyncStream.read at 0x1117f8510>
           │    └ <httpcore._backends.sync.SyncStream object at 0x114f66fd0>
           └ <HTTP11Connection ['https://dashscope.aliyuncs.com:443', CLOSED, Request Count: 1]>
  File "/Library/Frameworks/Python.framework/Versions/3.14/lib/python3.14/site-packages/httpcore/_backends/sync.py", line 126, in read
    with map_exceptions(exc_map):
         │              └ {<class 'TimeoutError'>: <class 'httpcore.ReadTimeout'>, <class 'OSError'>: <class 'httpcore.ReadError'>}
         └ <function map_exceptions at 0x1117dddd0>
  File "/Library/Frameworks/Python.framework/Versions/3.14/lib/python3.14/contextlib.py", line 162, in __exit__
    self.gen.throw(value)
    │    │   │     └ TimeoutError('The read operation timed out')
    │    │   └ <method 'throw' of 'generator' objects>
    │    └ <generator object map_exceptions at 0x114bda940>
    └ <contextlib._GeneratorContextManager object at 0x114fdd710>
  File "/Library/Frameworks/Python.framework/Versions/3.14/lib/python3.14/site-packages/httpcore/_exceptions.py", line 14, in map_exceptions
    raise to_exc(exc) from exc
          └ <class 'httpcore.ReadTimeout'>

[31m[1mhttpcore.ReadTimeout[0m:[1m The read operation timed out[0m


[1mThe above exception was the direct cause of the following exception:[0m


[33m[1mTraceback (most recent call last):[0m

  File "/Library/Frameworks/Python.framework/Versions/3.14/lib/python3.14/site-packages/openai/_base_client.py", line 982, in request
    response = self._client.send(
               │    │       └ <function Client.send at 0x106c79bc0>
               │    └ <openai._base_client.SyncHttpxClientWrapper object at 0x114bf1a90>
               └ <openai.OpenAI object at 0x112224140>
  File "/Library/Frameworks/Python.framework/Versions/3.14/lib/python3.14/site-packages/httpx/_client.py", line 914, in send
    response = self._send_handling_auth(
               │    └ <function Client._send_handling_auth at 0x106c79d20>
               └ <openai._base_client.SyncHttpxClientWrapper object at 0x114bf1a90>
  File "/Library/Frameworks/Python.framework/Versions/3.14/lib/python3.14/site-packages/httpx/_client.py", line 942, in _send_handling_auth
    response = self._send_handling_redirects(
               │    └ <function Client._send_handling_redirects at 0x106c79e80>
               └ <openai._base_client.SyncHttpxClientWrapper object at 0x114bf1a90>
  File "/Library/Frameworks/Python.framework/Versions/3.14/lib/python3.14/site-packages/httpx/_client.py", line 979, in _send_handling_redirects
    response = self._send_single_request(request)
               │    │                    └ <Request('POST', 'https://dashscope.aliyuncs.com/compatible-mode/v1/chat/completions')>
               │    └ <function Client._send_single_request at 0x106c79fe0>
               └ <openai._base_client.SyncHttpxClientWrapper object at 0x114bf1a90>
  File "/Library/Frameworks/Python.framework/Versions/3.14/lib/python3.14/site-packages/httpx/_client.py", line 1014, in _send_single_request
    response = transport.handle_request(request)
               │         │              └ <Request('POST', 'https://dashscope.aliyuncs.com/compatible-mode/v1/chat/completions')>
               │         └ <function HTTPTransport.handle_request at 0x106c740f0>
               └ <httpx.HTTPTransport object at 0x112b5b8b0>
  File "/Library/Frameworks/Python.framework/Versions/3.14/lib/python3.14/site-packages/httpx/_transports/default.py", line 249, in handle_request
    with map_httpcore_exceptions():
         └ <function map_httpcore_exceptions at 0x106c535e0>
  File "/Library/Frameworks/Python.framework/Versions/3.14/lib/python3.14/contextlib.py", line 162, in __exit__
    self.gen.throw(value)
    │    │   │     └ ReadTimeout(TimeoutError('The read operation timed out'))
    │    │   └ <method 'throw' of 'generator' objects>
    │    └ <generator object map_httpcore_exceptions at 0x114bdba40>
    └ <contextlib._GeneratorContextManager object at 0x114fdc4b0>
  File "/Library/Frameworks/Python.framework/Versions/3.14/lib/python3.14/site-packages/httpx/_transports/default.py", line 118, in map_httpcore_exceptions
    raise mapped_exc(message) from exc
          │          └ 'The read operation timed out'
          └ <class 'httpx.ReadTimeout'>

[31m[1mhttpx.ReadTimeout[0m:[1m The read operation timed out[0m


[1mThe above exception was the direct cause of the following exception:[0m


[33m[1mTraceback (most recent call last):[0m

  File "/Library/Frameworks/Python.framework/Versions/3.14/lib/python3.14/site-packages/hello_agents/core/llm.py", line 326, in invoke
    response = self._client.chat.completions.create(
               │    │       │    │           └ <function Completions.create at 0x11267bc10>
               │    │       │    └ <openai.resources.chat.completions.completions.Completions object at 0x114bda150>
               │    │       └ <openai.resources.chat.chat.Chat object at 0x114bda850>
               │    └ <openai.OpenAI object at 0x112224140>
               └ <hello_agents.core.llm.HelloAgentsLLM object at 0x112beab30>
  File "/Library/Frameworks/Python.framework/Versions/3.14/lib/python3.14/site-packages/openai/_utils/_utils.py", line 286, in wrapper
    return func(*args, **kwargs)
           │     │       └ {'model': 'qwen-turbo', 'messages': [{'role': 'system', 'content': '你是专业菜单排版撰写专家，汇总所有菜品结构化详情、用户原始饮食需求、忌口清单、用户自有食材，生成一份排版完整、可直...
           │     └ (<openai.resources.chat.completions.completions.Completions object at 0x114bda150>,)
           └ <function Completions.create at 0x11267bab0>
  File "/Library/Frameworks/Python.framework/Versions/3.14/lib/python3.14/site-packages/openai/resources/chat/completions/completions.py", line 1147, in create
    return self._post(
           │    └ <bound method SyncAPIClient.post of <openai.OpenAI object at 0x112224140>>
           └ <openai.resources.chat.completions.completions.Completions object at 0x114bda150>
  File "/Library/Frameworks/Python.framework/Versions/3.14/lib/python3.14/site-packages/openai/_base_client.py", line 1259, in post
    return cast(ResponseT, self.request(cast_to, opts, stream=stream, stream_cls=stream_cls))
           │    │          │    │       │        │            │                  └ openai.Stream[openai.types.chat.chat_completion_chunk.ChatCompletionChunk]
           │    │          │    │       │        │            └ False
           │    │          │    │       │        └ FinalRequestOptions(method='post', url='/chat/completions', params={}, headers=NOT_GIVEN, max_retries=NOT_GIVEN, timeout=NOT_...
           │    │          │    │       └ <class 'openai.types.chat.chat_completion.ChatCompletion'>
           │    │          │    └ <function SyncAPIClient.request at 0x1078ad4e0>
           │    │          └ <openai.OpenAI object at 0x112224140>
           │    └ ~ResponseT
           └ <function cast at 0x10457a2a0>
  File "/Library/Frameworks/Python.framework/Versions/3.14/lib/python3.14/site-packages/openai/_base_client.py", line 1000, in request
    raise APITimeoutError(request=request) from err
          │                       └ <Request('POST', 'https://dashscope.aliyuncs.com/compatible-mode/v1/chat/completions')>
          └ <class 'openai.APITimeoutError'>

[31m[1mopenai.APITimeoutError[0m:[1m Request timed out.[0m


[1mDuring handling of the above exception, another exception occurred:[0m


[33m[1mTraceback (most recent call last):[0m

  File "/Library/Frameworks/Python.framework/Versions/3.14/lib/python3.14/threading.py", line 1044, in _bootstrap
    self._bootstrap_inner()
    │    └ <function Thread._bootstrap_inner at 0x1041ee560>
    └ <WorkerThread(AnyIO worker thread, started 123145486536704)>
  File "/Library/Frameworks/Python.framework/Versions/3.14/lib/python3.14/threading.py", line 1082, in _bootstrap_inner
    self._context.run(self.run)
    │    │        │   │    └ <function WorkerThread.run at 0x112237480>
    │    │        │   └ <WorkerThread(AnyIO worker thread, started 123145486536704)>
    │    │        └ <method 'run' of '_contextvars.Context' objects>
    │    └ <_contextvars.Context object at 0x11611be80>
    └ <WorkerThread(AnyIO worker thread, started 123145486536704)>
  File "/Library/Frameworks/Python.framework/Versions/3.14/lib/python3.14/site-packages/anyio/_backends/_asyncio.py", line 1002, in run
    result = context.run(func, *args)
             │       │   │      └ (<generator object create_app.<locals>.stream_research.<locals>.event_iterator at 0x112201be0>,)
             │       │   └ <function _next at 0x105c27690>
             │       └ <method 'run' of '_contextvars.Context' objects>
             └ <_contextvars.Context object at 0x112e21080>
  File "/Library/Frameworks/Python.framework/Versions/3.14/lib/python3.14/site-packages/starlette/concurrency.py", line 44, in _next
    return next(iterator)
                └ <generator object create_app.<locals>.stream_research.<locals>.event_iterator at 0x112201be0>

> File "[32m/Users/cammy/Documents/Cammy2026/AI_Agent/hello-world/Smart_Recipe_Assistant/backend/src/[0m[32m[1mmain.py[0m", line [33m182[0m, in [35mevent_iterator[0m
    [35m[1mfor[0m [1mevent[0m [35m[1min[0m [1magent[0m[35m[1m.[0m[1mrun_stream[0m[1m([0m[1mpayload[0m[35m[1m.[0m[1mtopic[0m[1m)[0m[1m:[0m
    [36m    │        │     │          │       └ [0m[36m[1m'两菜一汤，低脂不辣，现有食材 番茄 土豆'[0m
    [36m    │        │     │          └ [0m[36m[1mResearchRequest(topic='两菜一汤，低脂不辣，现有食材 番茄 土豆', search_api=None)[0m
    [36m    │        │     └ [0m[36m[1m<function DeepResearchAgent.run_stream at 0x111c73740>[0m
    [36m    │        └ [0m[36m[1m<agent.DeepResearchAgent object at 0x112be8d70>[0m
    [36m    └ [0m[36m[1m{'type': 'shopping_list', 'items': ['土豆 240g（越细越长更好）（用于：番茄炒土豆）', '大蒜 4 瓣（用于：番茄炒土豆）', '青椒 0.5 个（用于：番茄炒土豆）', '红椒 0.5 个（用于：番茄炒土豆...[0m

  File "[32m/Users/cammy/Documents/Cammy2026/AI_Agent/hello-world/Smart_Recipe_Assistant/backend/src/[0m[32m[1magent.py[0m", line [33m282[0m, in [35mrun_stream[0m
    [1mreport[0m [35m[1m=[0m [1mself[0m[35m[1m.[0m[1mreporting[0m[35m[1m.[0m[1mgenerate_report[0m[1m([0m[1mstate[0m[1m)[0m
    [36m         │    │         │               └ [0m[36m[1mMenuState(user_requirement='两菜一汤，低脂不辣，现有食材 番茄 土豆', allergy_list=[], exist_ingredients=[], dish_list=[DishItem(id=1, name='番茄炒...[0m
    [36m         │    │         └ [0m[36m[1m<function ReportingService.generate_report at 0x111c70b40>[0m
    [36m         │    └ [0m[36m[1m<services.reporter.ReportingService object at 0x112beb070>[0m
    [36m         └ [0m[36m[1m<agent.DeepResearchAgent object at 0x112be8d70>[0m

  File "[32m/Users/cammy/Documents/Cammy2026/AI_Agent/hello-world/Smart_Recipe_Assistant/backend/src/services/[0m[32m[1mreporter.py[0m", line [33m73[0m, in [35mgenerate_report[0m
    [1mresponse[0m [35m[1m=[0m [1mself[0m[35m[1m.[0m[1m_agent[0m[35m[1m.[0m[1mrun[0m[1m([0m[1mprompt[0m[1m)[0m
    [36m           │    │      │   └ [0m[36m[1m'用户原始需求：两菜一汤，低脂不辣，现有食材 番茄 土豆\n菜单概览：\n### 菜单任务 1: 番茄炒土豆\n- 菜单定位：利用用户现有番茄和土豆，采用快炒方式制作，符合低脂不辣要求，简单易做。\n- 检索查询：番茄炒土豆 不辣 少油 家常做法 烹...[0m
    [36m           │    │      └ [0m[36m[1m<function SimpleAgent.run at 0x107aaf5e0>[0m
    [36m           │    └ [0m[36m[1mAgent(name=菜单撰写专家, provider=qwen)[0m
    [36m           └ [0m[36m[1m<services.reporter.ReportingService object at 0x112beb070>[0m

  File "/Library/Frameworks/Python.framework/Versions/3.14/lib/python3.14/site-packages/hello_agents/agents/simple_agent.py", line 285, in run
    response = self.llm.invoke(messages, **kwargs)
               │    │   │      │           └ {}
               │    │   │      └ [{'role': 'system', 'content': '你是专业菜单排版撰写专家，汇总所有菜品结构化详情、用户原始饮食需求、忌口清单、用户自有食材，生成一份排版完整、可直接使用的 Markdown 全套菜谱文档。\n\n<REPORT_TEM...
               │    │   └ <function HelloAgentsLLM.invoke at 0x107aadb10>
               │    └ <hello_agents.core.llm.HelloAgentsLLM object at 0x112beab30>
               └ Agent(name=菜单撰写专家, provider=qwen)
  File "/Library/Frameworks/Python.framework/Versions/3.14/lib/python3.14/site-packages/hello_agents/core/llm.py", line 335, in invoke
    raise HelloAgentsException(f"LLM调用失败: {str(e)}")
          └ <class 'hello_agents.core.exceptions.HelloAgentsException'>

[31m[1mhello_agents.core.exceptions.HelloAgentsException[0m:[1m LLM调用失败: Request timed out.[0m
[32m2026-07-07 12:43:41[0m | [31m[1mERROR[0m | [36musing_function:event_iterator[0m | [36mmain.py:185[0m | [31m[1mStreaming research failed[0m
[33m[1mTraceback (most recent call last):[0m

  File "/Library/Frameworks/Python.framework/Versions/3.14/lib/python3.14/site-packages/httpx/_transports/default.py", line 101, in map_httpcore_exceptions
    yield
  File "/Library/Frameworks/Python.framework/Versions/3.14/lib/python3.14/site-packages/httpx/_transports/default.py", line 250, in handle_request
    resp = self._pool.handle_request(req)
           │    │     │              └ <Request [b'POST']>
           │    │     └ <function ConnectionPool.handle_request at 0x11186d0c0>
           │    └ <HTTPProxy [Requests: 0 active, 0 queued | Connections: 0 active, 0 idle]>
           └ <httpx.HTTPTransport object at 0x112b5b8b0>
  File "/Library/Frameworks/Python.framework/Versions/3.14/lib/python3.14/site-packages/httpcore/_sync/connection_pool.py", line 256, in handle_request
    raise exc from None
  File "/Library/Frameworks/Python.framework/Versions/3.14/lib/python3.14/site-packages/httpcore/_sync/connection_pool.py", line 236, in handle_request
    response = connection.handle_request(
               │          └ <function TunnelHTTPConnection.handle_request at 0x11186f480>
               └ <TunnelHTTPConnection ['https://dashscope.aliyuncs.com:443', HTTP/1.1, CLOSED, Request Count: 1]>
  File "/Library/Frameworks/Python.framework/Versions/3.14/lib/python3.14/site-packages/httpcore/_sync/http_proxy.py", line 343, in handle_request
    return self._connection.handle_request(request)
           │    │           │              └ <Request [b'POST']>
           │    │           └ <function HTTP11Connection.handle_request at 0x111860eb0>
           │    └ <HTTP11Connection ['https://dashscope.aliyuncs.com:443', CLOSED, Request Count: 1]>
           └ <TunnelHTTPConnection ['https://dashscope.aliyuncs.com:443', HTTP/1.1, CLOSED, Request Count: 1]>
  File "/Library/Frameworks/Python.framework/Versions/3.14/lib/python3.14/site-packages/httpcore/_sync/http11.py", line 136, in handle_request
    raise exc
  File "/Library/Frameworks/Python.framework/Versions/3.14/lib/python3.14/site-packages/httpcore/_sync/http11.py", line 106, in handle_request
    ) = self._receive_response_headers(**kwargs)
        │    │                           └ {'request': <Request [b'POST']>}
        │    └ <function HTTP11Connection._receive_response_headers at 0x111861430>
        └ <HTTP11Connection ['https://dashscope.aliyuncs.com:443', CLOSED, Request Count: 1]>
  File "/Library/Frameworks/Python.framework/Versions/3.14/lib/python3.14/site-packages/httpcore/_sync/http11.py", line 177, in _receive_response_headers
    event = self._receive_event(timeout=timeout)
            │    │                      └ 60
            │    └ <function HTTP11Connection._receive_event at 0x1118616f0>
            └ <HTTP11Connection ['https://dashscope.aliyuncs.com:443', CLOSED, Request Count: 1]>
  File "/Library/Frameworks/Python.framework/Versions/3.14/lib/python3.14/site-packages/httpcore/_sync/http11.py", line 217, in _receive_event
    data = self._network_stream.read(
           │    │               └ <function SyncStream.read at 0x1117f8510>
           │    └ <httpcore._backends.sync.SyncStream object at 0x114f66fd0>
           └ <HTTP11Connection ['https://dashscope.aliyuncs.com:443', CLOSED, Request Count: 1]>
  File "/Library/Frameworks/Python.framework/Versions/3.14/lib/python3.14/site-packages/httpcore/_backends/sync.py", line 126, in read
    with map_exceptions(exc_map):
         │              └ {<class 'TimeoutError'>: <class 'httpcore.ReadTimeout'>, <class 'OSError'>: <class 'httpcore.ReadError'>}
         └ <function map_exceptions at 0x1117dddd0>
  File "/Library/Frameworks/Python.framework/Versions/3.14/lib/python3.14/contextlib.py", line 162, in __exit__
    self.gen.throw(value)
    │    │   │     └ TimeoutError('The read operation timed out')
    │    │   └ <method 'throw' of 'generator' objects>
    │    └ <generator object map_exceptions at 0x114bda940>
    └ <contextlib._GeneratorContextManager object at 0x114fdd710>
  File "/Library/Frameworks/Python.framework/Versions/3.14/lib/python3.14/site-packages/httpcore/_exceptions.py", line 14, in map_exceptions
    raise to_exc(exc) from exc
          └ <class 'httpcore.ReadTimeout'>

[31m[1mhttpcore.ReadTimeout[0m:[1m The read operation timed out[0m


[1mThe above exception was the direct cause of the following exception:[0m


[33m[1mTraceback (most recent call last):[0m

  File "/Library/Frameworks/Python.framework/Versions/3.14/lib/python3.14/site-packages/openai/_base_client.py", line 982, in request
    response = self._client.send(
               │    │       └ <function Client.send at 0x106c79bc0>
               │    └ <openai._base_client.SyncHttpxClientWrapper object at 0x114bf1a90>
               └ <openai.OpenAI object at 0x112224140>
  File "/Library/Frameworks/Python.framework/Versions/3.14/lib/python3.14/site-packages/httpx/_client.py", line 914, in send
    response = self._send_handling_auth(
               │    └ <function Client._send_handling_auth at 0x106c79d20>
               └ <openai._base_client.SyncHttpxClientWrapper object at 0x114bf1a90>
  File "/Library/Frameworks/Python.framework/Versions/3.14/lib/python3.14/site-packages/httpx/_client.py", line 942, in _send_handling_auth
    response = self._send_handling_redirects(
               │    └ <function Client._send_handling_redirects at 0x106c79e80>
               └ <openai._base_client.SyncHttpxClientWrapper object at 0x114bf1a90>
  File "/Library/Frameworks/Python.framework/Versions/3.14/lib/python3.14/site-packages/httpx/_client.py", line 979, in _send_handling_redirects
    response = self._send_single_request(request)
               │    │                    └ <Request('POST', 'https://dashscope.aliyuncs.com/compatible-mode/v1/chat/completions')>
               │    └ <function Client._send_single_request at 0x106c79fe0>
               └ <openai._base_client.SyncHttpxClientWrapper object at 0x114bf1a90>
  File "/Library/Frameworks/Python.framework/Versions/3.14/lib/python3.14/site-packages/httpx/_client.py", line 1014, in _send_single_request
    response = transport.handle_request(request)
               │         │              └ <Request('POST', 'https://dashscope.aliyuncs.com/compatible-mode/v1/chat/completions')>
               │         └ <function HTTPTransport.handle_request at 0x106c740f0>
               └ <httpx.HTTPTransport object at 0x112b5b8b0>
  File "/Library/Frameworks/Python.framework/Versions/3.14/lib/python3.14/site-packages/httpx/_transports/default.py", line 249, in handle_request
    with map_httpcore_exceptions():
         └ <function map_httpcore_exceptions at 0x106c535e0>
  File "/Library/Frameworks/Python.framework/Versions/3.14/lib/python3.14/contextlib.py", line 162, in __exit__
    self.gen.throw(value)
    │    │   │     └ ReadTimeout(TimeoutError('The read operation timed out'))
    │    │   └ <method 'throw' of 'generator' objects>
    │    └ <generator object map_httpcore_exceptions at 0x114bdba40>
    └ <contextlib._GeneratorContextManager object at 0x114fdc4b0>
  File "/Library/Frameworks/Python.framework/Versions/3.14/lib/python3.14/site-packages/httpx/_transports/default.py", line 118, in map_httpcore_exceptions
    raise mapped_exc(message) from exc
          │          └ 'The read operation timed out'
          └ <class 'httpx.ReadTimeout'>

[31m[1mhttpx.ReadTimeout[0m:[1m The read operation timed out[0m


[1mThe above exception was the direct cause of the following exception:[0m


[33m[1mTraceback (most recent call last):[0m

  File "/Library/Frameworks/Python.framework/Versions/3.14/lib/python3.14/site-packages/hello_agents/core/llm.py", line 326, in invoke
    response = self._client.chat.completions.create(
               │    │       │    │           └ <function Completions.create at 0x11267bc10>
               │    │       │    └ <openai.resources.chat.completions.completions.Completions object at 0x114bda150>
               │    │       └ <openai.resources.chat.chat.Chat object at 0x114bda850>
               │    └ <openai.OpenAI object at 0x112224140>
               └ <hello_agents.core.llm.HelloAgentsLLM object at 0x112beab30>
  File "/Library/Frameworks/Python.framework/Versions/3.14/lib/python3.14/site-packages/openai/_utils/_utils.py", line 286, in wrapper
    return func(*args, **kwargs)
           │     │       └ {'model': 'qwen-turbo', 'messages': [{'role': 'system', 'content': '你是专业菜单排版撰写专家，汇总所有菜品结构化详情、用户原始饮食需求、忌口清单、用户自有食材，生成一份排版完整、可直...
           │     └ (<openai.resources.chat.completions.completions.Completions object at 0x114bda150>,)
           └ <function Completions.create at 0x11267bab0>
  File "/Library/Frameworks/Python.framework/Versions/3.14/lib/python3.14/site-packages/openai/resources/chat/completions/completions.py", line 1147, in create
    return self._post(
           │    └ <bound method SyncAPIClient.post of <openai.OpenAI object at 0x112224140>>
           └ <openai.resources.chat.completions.completions.Completions object at 0x114bda150>
  File "/Library/Frameworks/Python.framework/Versions/3.14/lib/python3.14/site-packages/openai/_base_client.py", line 1259, in post
    return cast(ResponseT, self.request(cast_to, opts, stream=stream, stream_cls=stream_cls))
           │    │          │    │       │        │            │                  └ openai.Stream[openai.types.chat.chat_completion_chunk.ChatCompletionChunk]
           │    │          │    │       │        │            └ False
           │    │          │    │       │        └ FinalRequestOptions(method='post', url='/chat/completions', params={}, headers=NOT_GIVEN, max_retries=NOT_GIVEN, timeout=NOT_...
           │    │          │    │       └ <class 'openai.types.chat.chat_completion.ChatCompletion'>
           │    │          │    └ <function SyncAPIClient.request at 0x1078ad4e0>
           │    │          └ <openai.OpenAI object at 0x112224140>
           │    └ ~ResponseT
           └ <function cast at 0x10457a2a0>
  File "/Library/Frameworks/Python.framework/Versions/3.14/lib/python3.14/site-packages/openai/_base_client.py", line 1000, in request
    raise APITimeoutError(request=request) from err
          │                       └ <Request('POST', 'https://dashscope.aliyuncs.com/compatible-mode/v1/chat/completions')>
          └ <class 'openai.APITimeoutError'>

[31m[1mopenai.APITimeoutError[0m:[1m Request timed out.[0m


[1mDuring handling of the above exception, another exception occurred:[0m


[33m[1mTraceback (most recent call last):[0m

  File "/Library/Frameworks/Python.framework/Versions/3.14/lib/python3.14/threading.py", line 1044, in _bootstrap
    self._bootstrap_inner()
    │    └ <function Thread._bootstrap_inner at 0x1041ee560>
    └ <WorkerThread(AnyIO worker thread, started 123145486536704)>
  File "/Library/Frameworks/Python.framework/Versions/3.14/lib/python3.14/threading.py", line 1082, in _bootstrap_inner
    self._context.run(self.run)
    │    │        │   │    └ <function WorkerThread.run at 0x112237480>
    │    │        │   └ <WorkerThread(AnyIO worker thread, started 123145486536704)>
    │    │        └ <method 'run' of '_contextvars.Context' objects>
    │    └ <_contextvars.Context object at 0x11611be80>
    └ <WorkerThread(AnyIO worker thread, started 123145486536704)>
  File "/Library/Frameworks/Python.framework/Versions/3.14/lib/python3.14/site-packages/anyio/_backends/_asyncio.py", line 1002, in run
    result = context.run(func, *args)
             │       │   │      └ (<generator object create_app.<locals>.stream_research.<locals>.event_iterator at 0x112201be0>,)
             │       │   └ <function _next at 0x105c27690>
             │       └ <method 'run' of '_contextvars.Context' objects>
             └ <_contextvars.Context object at 0x112e21080>
  File "/Library/Frameworks/Python.framework/Versions/3.14/lib/python3.14/site-packages/starlette/concurrency.py", line 44, in _next
    return next(iterator)
                └ <generator object create_app.<locals>.stream_research.<locals>.event_iterator at 0x112201be0>

> File "[32m/Users/cammy/Documents/Cammy2026/AI_Agent/hello-world/Smart_Recipe_Assistant/backend/src/[0m[32m[1mmain.py[0m", line [33m182[0m, in [35mevent_iterator[0m
    [35m[1mfor[0m [1mevent[0m [35m[1min[0m [1magent[0m[35m[1m.[0m[1mrun_stream[0m[1m([0m[1mpayload[0m[35m[1m.[0m[1mtopic[0m[1m)[0m[1m:[0m
    [36m    │        │     │          │       └ [0m[36m[1m'两菜一汤，低脂不辣，现有食材 番茄 土豆'[0m
    [36m    │        │     │          └ [0m[36m[1mResearchRequest(topic='两菜一汤，低脂不辣，现有食材 番茄 土豆', search_api=None)[0m
    [36m    │        │     └ [0m[36m[1m<function DeepResearchAgent.run_stream at 0x111c73740>[0m
    [36m    │        └ [0m[36m[1m<agent.DeepResearchAgent object at 0x112be8d70>[0m
    [36m    └ [0m[36m[1m{'type': 'shopping_list', 'items': ['土豆 240g（越细越长更好）（用于：番茄炒土豆）', '大蒜 4 瓣（用于：番茄炒土豆）', '青椒 0.5 个（用于：番茄炒土豆）', '红椒 0.5 个（用于：番茄炒土豆...[0m

  File "[32m/Users/cammy/Documents/Cammy2026/AI_Agent/hello-world/Smart_Recipe_Assistant/backend/src/[0m[32m[1magent.py[0m", line [33m282[0m, in [35mrun_stream[0m
    [1mreport[0m [35m[1m=[0m [1mself[0m[35m[1m.[0m[1mreporting[0m[35m[1m.[0m[1mgenerate_report[0m[1m([0m[1mstate[0m[1m)[0m
    [36m         │    │         │               └ [0m[36m[1mMenuState(user_requirement='两菜一汤，低脂不辣，现有食材 番茄 土豆', allergy_list=[], exist_ingredients=[], dish_list=[DishItem(id=1, name='番茄炒...[0m
    [36m         │    │         └ [0m[36m[1m<function ReportingService.generate_report at 0x111c70b40>[0m
    [36m         │    └ [0m[36m[1m<services.reporter.ReportingService object at 0x112beb070>[0m
    [36m         └ [0m[36m[1m<agent.DeepResearchAgent object at 0x112be8d70>[0m

  File "[32m/Users/cammy/Documents/Cammy2026/AI_Agent/hello-world/Smart_Recipe_Assistant/backend/src/services/[0m[32m[1mreporter.py[0m", line [33m73[0m, in [35mgenerate_report[0m
    [1mresponse[0m [35m[1m=[0m [1mself[0m[35m[1m.[0m[1m_agent[0m[35m[1m.[0m[1mrun[0m[1m([0m[1mprompt[0m[1m)[0m
    [36m           │    │      │   └ [0m[36m[1m'用户原始需求：两菜一汤，低脂不辣，现有食材 番茄 土豆\n菜单概览：\n### 菜单任务 1: 番茄炒土豆\n- 菜单定位：利用用户现有番茄和土豆，采用快炒方式制作，符合低脂不辣要求，简单易做。\n- 检索查询：番茄炒土豆 不辣 少油 家常做法 烹...[0m
    [36m           │    │      └ [0m[36m[1m<function SimpleAgent.run at 0x107aaf5e0>[0m
    [36m           │    └ [0m[36m[1mAgent(name=菜单撰写专家, provider=qwen)[0m
    [36m           └ [0m[36m[1m<services.reporter.ReportingService object at 0x112beb070>[0m

  File "/Library/Frameworks/Python.framework/Versions/3.14/lib/python3.14/site-packages/hello_agents/agents/simple_agent.py", line 285, in run
    response = self.llm.invoke(messages, **kwargs)
               │    │   │      │           └ {}
               │    │   │      └ [{'role': 'system', 'content': '你是专业菜单排版撰写专家，汇总所有菜品结构化详情、用户原始饮食需求、忌口清单、用户自有食材，生成一份排版完整、可直接使用的 Markdown 全套菜谱文档。\n\n<REPORT_TEM...
               │    │   └ <function HelloAgentsLLM.invoke at 0x107aadb10>
               │    └ <hello_agents.core.llm.HelloAgentsLLM object at 0x112beab30>
               └ Agent(name=菜单撰写专家, provider=qwen)
  File "/Library/Frameworks/Python.framework/Versions/3.14/lib/python3.14/site-packages/hello_agents/core/llm.py", line 335, in invoke
    raise HelloAgentsException(f"LLM调用失败: {str(e)}")
          └ <class 'hello_agents.core.exceptions.HelloAgentsException'>

[31m[1mhello_agents.core.exceptions.HelloAgentsException[0m:[1m LLM调用失败: Request timed out.[0m
